step,system_total_stopped,system_total_waiting_time,system_mean_waiting_time,system_mean_speed,7688405358_stopped,7688405358_accumulated_waiting_time,7688405358_average_speed,agents_total_stopped,agents_total_accumulated_waiting_time
0.0,0,0.0,0.0,0.0,0,0.0,1.0,0,0.0
5.0,1,0.0,0.0,7.501220632874695,0,0.0,1.0,0,0.0
10.0,1,0.0,0.0,8.911907087516267,0,0.0,1.0,0,0.0
15.0,0,0.0,0.0,11.075176199060513,0,0.0,1.0,0,0.0
20.0,0,0.0,0.0,14.364043962787482,0,0.0,1.0,0,0.0
25.0,1,0.0,0.0,11.271773200433273,0,0.0,1.0,0,0.0
30.0,0,0.0,0.0,13.238557229682002,0,0.0,1.0,0,0.0
35.0,1,0.0,0.0,14.539148910159067,0,0.0,1.0,0,0.0
40.0,0,0.0,0.0,12.446533876280196,0,0.0,1.0,0,0.0
45.0,0,0.0,0.0,12.004914887356993,0,0.0,1.0,0,0.0
50.0,0,0.0,0.0,13.496176641680563,0,0.0,1.0,0,0.0
55.0,1,0.0,0.0,12.974335198366783,0,0.0,0.9922582735033029,0,0.0
60.0,0,0.0,0.0,13.374903041530402,0,0.0,1.0,0,0.0
65.0,0,0.0,0.0,13.056418771401129,0,0.0,1.0,0,0.0
70.0,0,0.0,0.0,12.892223404000315,0,0.0,1.0,0,0.0
75.0,1,0.0,0.0,12.620742826898141,0,0.0,1.0,0,0.0
80.0,1,0.0,0.0,12.502880182887003,0,0.0,1.0,0,0.0
85.0,1,0.0,0.0,12.614541536624829,0,0.0,0.4320609437456484,0,0.0
90.0,3,2.0,0.031746031746031744,13.493615921629477,1,1.0,0.0003264492353101411,1,1.0
95.0,2,7.0,0.109375,13.757183682280012,1,6.0,0.18253601040190034,1,6.0
100.0,3,20.0,0.29411764705882354,14.30095531455274,2,14.0,0.28283725473024424,2,14.0
105.0,3,35.0,0.4861111111111111,13.598312764911794,2,24.0,0.1399697065045102,2,24.0
110.0,3,37.0,0.5068493150684932,13.931490751007193,2,34.0,0.2548086538794356,2,34.0
115.0,6,61.0,0.8356164383561644,12.964556609200368,4,51.0,0.0507664758034288,4,51.0
120.0,5,71.0,0.9466666666666667,11.911248299304305,4,71.0,0.1757999506779416,4,71.0
125.0,4,91.0,1.1818181818181819,12.829201628375232,4,91.0,0.09619656037015263,4,91.0
130.0,5,111.0,1.4050632911392404,13.078481405654893,4,111.0,0.0,4,111.0
135.0,5,131.0,1.617283950617284,12.75794120221774,4,131.0,0.0,4,131.0
140.0,4,151.0,1.776470588235294,13.160779702925037,4,151.0,0.08202671056376307,4,151.0
145.0,6,173.0,1.9438202247191012,13.248722962271966,4,171.0,0.0,4,171.0
150.0,6,200.0,2.127659574468085,13.413616146011709,4,191.0,0.19527471329844062,4,191.0
155.0,3,20.0,0.2127659574468085,13.926355044306886,1,84.0,0.12755765082156584,1,84.0
160.0,3,24.0,0.2553191489361702,14.261308000809501,1,6.0,0.0,1,6.0
165.0,2,28.0,0.29473684210526313,14.373095376684832,0,0.0,0.05989663024127303,0,0.0
170.0,4,42.0,0.4329896907216495,14.49124331883675,1,5.0,0.42990195968285455,1,5.0
175.0,4,17.0,0.18085106382978725,13.128696900251224,3,13.0,0.0062994727911771745,3,13.0
180.0,8,40.0,0.4166666666666667,12.357929879729058,5,52.0,0.1572082350087448,5,52.0
185.0,3,15.0,0.15463917525773196,13.118005105258582,2,53.0,0.12676735526311872,2,53.0
190.0,3,19.0,0.20212765957446807,13.789424246904593,3,43.0,0.27766837829185964,3,43.0
195.0,6,10.0,0.10752688172043011,13.476235571559267,5,49.0,0.03004262712369599,5,49.0
200.0,5,30.0,0.3225806451612903,12.907813038869271,4,37.0,0.048097815146492376,4,37.0
205.0,5,47.0,0.4845360824742268,13.293426411974965,4,55.0,0.12621805550455217,4,55.0
210.0,7,71.0,0.7171717171717171,12.944166304999262,5,77.0,0.1341251342904651,5,77.0
215.0,6,94.0,0.9494949494949495,12.978777012883057,5,102.0,0.08114749428754138,5,102.0
220.0,3,18.0,0.1875,13.877801287784607,3,48.0,0.11088950647415415,3,48.0
225.0,4,18.0,0.18,13.604128267315357,3,60.0,0.06161696375153496,3,60.0
230.0,6,11.0,0.1111111111111111,14.31778741851621,3,67.0,0.05153122304480966,3,67.0
235.0,3,12.0,0.12121212121212122,13.312641222493593,1,55.0,0.2545552955186041,1,55.0
240.0,4,22.0,0.21782178217821782,12.157389414197258,2,30.0,0.10713234819626742,2,30.0
245.0,9,47.0,0.46078431372549017,11.784618539585816,5,50.0,0.0014000050746982417,5,50.0
250.0,4,38.0,0.37623762376237624,12.688122001334662,2,46.0,0.033664730510246384,2,46.0
255.0,2,26.0,0.2653061224489796,12.707358172536015,0,23.0,0.27957053732405324,0,23.0
260.0,3,35.0,0.3763440860215054,13.295480429891915,0,9.0,0.2320903730706149,0,9.0
265.0,5,53.0,0.5638297872340425,13.624339184000323,2,7.0,0.21939142862003946,2,7.0
270.0,3,29.0,0.3118279569892473,13.924102226103944,2,17.0,0.24702198110984214,2,17.0
275.0,4,29.0,0.31521739130434784,14.085886552338637,3,30.0,3.7737387079214514e-06,3,30.0
280.0,8,54.0,0.5806451612903226,12.527880173431043,3,45.0,0.0,3,45.0
285.0,10,91.0,0.9680851063829787,13.033917776777345,4,61.0,8.246483940129615e-05,4,61.0
290.0,11,142.0,1.5434782608695652,13.355576221489017,4,81.0,0.0,4,81.0
295.0,11,197.0,2.095744680851064,13.974732874677857,4,101.0,0.2716213312587566,4,101.0
300.0,9,207.0,2.25,13.192444719032494,4,124.0,0.18001411047649948,4,124.0
305.0,1,29.0,0.30851063829787234,12.893729522519934,0,73.0,0.23823968539586904,0,73.0
310.0,4,12.0,0.12371134020618557,13.490532667846091,2,37.0,0.16389305590777054,2,37.0
315.0,5,12.0,0.1276595744680851,13.477220306485023,3,3.0,0.15508676746612354,3,3.0
320.0,6,24.0,0.2553191489361702,12.336165278591812,4,20.0,0.15107821393297863,4,20.0
325.0,4,20.0,0.20618556701030927,12.988412190348436,1,5.0,0.019649433724384317,1,5.0
330.0,4,17.0,0.17346938775510204,12.25406366373558,1,7.0,0.15868991932107845,1,7.0
335.0,2,3.0,0.030927835051546393,13.2468162196827,1,57.0,0.23393778631259157,1,57.0
340.0,6,22.0,0.2222222222222222,13.152163242357572,2,63.0,0.0,2,63.0
345.0,10,63.0,0.6363636363636364,13.096251040760615,2,73.0,0.2743157969627384,2,73.0
350.0,12,114.0,1.1287128712871286,12.32451465215844,2,83.0,0.09870894663477381,2,83.0
355.0,11,118.0,1.1568627450980393,11.704144372639925,2,113.0,0.32620035063414315,2,113.0
360.0,9,131.0,1.31,12.077026906608841,4,131.0,0.17918129285533246,4,131.0
365.0,9,154.0,1.5714285714285714,11.696556364762866,5,149.0,0.04584268550711166,5,149.0
370.0,6,104.0,1.0097087378640777,12.002504103500213,2,104.0,0.05839050934274507,2,104.0
375.0,8,134.0,1.3009708737864079,12.850104434660128,3,61.0,0.05852045127160166,3,61.0
380.0,5,103.0,1.0098039215686274,13.46886401690755,1,32.0,0.15600620302381474,1,32.0
385.0,5,108.0,1.1020408163265305,13.734012710228795,2,66.0,0.17387115648446344,2,66.0
390.0,6,137.0,1.3838383838383839,14.097778321864084,2,89.0,0.24141802678920343,2,89.0
395.0,7,148.0,1.5578947368421052,14.608118299286796,3,68.0,0.23237703577199867,3,68.0
400.0,7,174.0,1.8125,13.673143361384362,3,59.0,0.05746499558642093,3,59.0
405.0,6,204.0,2.1702127659574466,14.821483278053808,3,70.0,0.0,3,70.0
410.0,7,234.0,2.4123711340206184,14.30134969824265,3,93.0,0.3101560532706468,3,93.0
415.0,6,264.0,2.8085106382978724,13.2666471891328,3,100.0,0.1982484499457982,3,100.0
420.0,10,301.0,3.1354166666666665,13.279342069778911,5,120.0,0.14254617281359935,5,120.0
425.0,7,221.0,2.2551020408163267,12.90777666973238,2,100.0,0.0474383826748082,2,100.0
430.0,8,235.0,2.3979591836734695,12.592381783984571,2,47.0,0.13730065157805327,2,47.0
435.0,10,263.0,2.711340206185567,11.896870064094964,3,29.0,0.05399340155485241,3,29.0
440.0,13,320.0,3.2989690721649483,11.45576689006575,5,48.0,0.0422652300790062,5,48.0
445.0,12,347.0,3.5408163265306123,11.595294654150502,5,73.0,0.07092412897224463,5,73.0
450.0,9,340.0,3.4693877551020407,11.871887386031034,1,51.0,0.26983667655637816,1,51.0
455.0,8,357.0,3.57,11.675743909292091,1,18.0,0.24658866403785082,1,18.0
460.0,10,392.0,3.95959595959596,11.793118716432424,3,22.0,0.001268774240767749,3,22.0
465.0,9,437.0,4.459183673469388,12.828675773609877,3,37.0,0.07796713609186999,3,37.0
470.0,7,445.0,4.540816326530612,12.370763753736098,0,15.0,0.11776887311445967,0,15.0
475.0,6,431.0,4.353535353535354,12.399574359120114,0,0.0,1.0,0,0.0
480.0,6,457.0,4.663265306122449,13.92968371744736,0,0.0,1.0,0,0.0
485.0,6,487.0,4.87,14.310446315592086,0,0.0,1.0,0,0.0
490.0,7,522.0,5.326530612244898,14.356657590488998,0,0.0,0.44112737737884145,0,0.0
495.0,7,557.0,5.514851485148514,13.014922568765455,0,1.0,0.4563089007458425,0,1.0
500.0,12,603.0,6.153061224489796,12.799479699315743,3,8.0,0.0007836463577433053,3,8.0
505.0,9,636.0,6.556701030927835,13.28165503410184,0,10.0,0.3430990134872944,0,10.0
510.0,12,684.0,6.979591836734694,13.243732081335862,2,8.0,0.1830662729171463,2,8.0
515.0,9,681.0,6.81,12.795364443540887,0,4.0,0.1277307532343521,0,4.0
520.0,8,721.0,7.510416666666667,13.28176391170876,0,0.0,0.4357840998005604,0,0.0
525.0,10,766.0,8.063157894736841,13.308425506446879,0,0.0,0.4001385053306835,0,0.0
530.0,8,790.0,8.144329896907216,13.690657656653633,0,0.0,1.0,0,0.0
535.0,8,802.0,8.53191489361702,12.643392647331256,0,0.0,0.25071413832830225,0,0.0
540.0,9,839.0,9.021505376344086,11.697504106090406,0,0.0,0.3636467838465067,0,0.0
545.0,9,876.0,9.521739130434783,12.608851484530469,2,14.0,0.11076895615316379,2,14.0
550.0,11,922.0,10.359550561797754,12.101804708623389,2,14.0,0.3055311516030897,2,14.0
555.0,9,966.0,10.853932584269662,11.918870089456084,2,24.0,0.0,2,24.0
560.0,10,1011.0,11.359550561797754,11.366365419169544,2,34.0,0.0,2,34.0
565.0,12,1059.0,11.637362637362637,11.775866817821077,2,44.0,0.0,2,44.0
570.0,11,1108.0,11.787234042553191,11.79986886988663,2,54.0,0.2250326465460991,2,54.0
575.0,13,1160.0,12.608695652173912,11.534379218169862,4,66.0,0.07137789809185051,4,66.0
580.0,10,1140.0,12.527472527472527,12.334423768075167,1,43.0,0.10966626389808568,1,43.0
585.0,8,1174.0,12.623655913978494,12.148746707185143,0,7.0,0.14706038844805924,0,7.0
590.0,11,1192.0,12.680851063829786,12.194892886661071,2,11.0,0.1707018076600096,2,11.0
595.0,12,1247.0,12.724489795918368,13.065509480996685,5,32.0,5.2558543110027445e-05,5,32.0
600.0,9,1265.0,12.777777777777779,12.545951079603613,1,28.0,0.19285798172461063,1,28.0
605.0,10,1299.0,13.121212121212121,12.569312767480783,0,8.0,0.35320583929755994,0,8.0
610.0,10,1341.0,13.545454545454545,13.901953130341226,1,12.0,0.06678309056387723,1,12.0
615.0,10,1383.0,13.693069306930694,13.898268104638884,1,16.0,0.0,1,16.0
620.0,9,1428.0,14.138613861386139,14.975147105219834,1,23.0,0.11612712095194666,1,23.0
625.0,11,1478.0,14.633663366336634,14.92908802195025,3,31.0,0.20168245204914756,3,31.0
630.0,11,1533.0,15.029411764705882,13.608088377717104,3,46.0,0.0023905410704656133,3,46.0
635.0,9,1535.0,15.66326530612245,13.771878059848655,0,15.0,0.18602730807017012,0,15.0
640.0,8,1575.0,16.57894736842105,12.642826732451747,0,0.0,0.4560823949514947,0,0.0
645.0,10,1619.0,17.597826086956523,13.013538463863869,1,2.0,0.0001390724689640209,1,2.0
650.0,10,1669.0,17.946236559139784,13.142206545802347,1,7.0,0.0,1,7.0
655.0,10,1719.0,18.483870967741936,12.829725708624458,1,12.0,0.0,1,12.0
660.0,12,1771.0,18.447916666666668,11.980516739421523,1,17.0,0.0,1,17.0
665.0,10,1819.0,18.56122448979592,12.558899719150322,1,22.0,0.0,1,22.0
670.0,10,1869.0,18.87878787878788,13.517262960353246,1,27.0,0.0,1,27.0
675.0,11,1920.0,19.591836734693878,13.972203534066889,1,32.0,0.0,1,32.0
680.0,12,1975.0,19.949494949494948,12.9226674972669,1,37.0,0.0,1,37.0
685.0,12,2034.0,20.34,12.668192658457077,1,42.0,0.30075126770836186,1,42.0
690.0,12,2094.0,20.94,12.49489385322478,1,47.0,0.47111079750968543,1,47.0
695.0,14,2143.0,21.867346938775512,12.272408311532105,3,54.0,0.09983045569622753,3,54.0
700.0,17,2217.0,22.622448979591837,11.967892786217128,5,73.0,0.01279825683700361,5,73.0
705.0,10,2162.0,21.838383838383837,12.944164378230106,0,17.0,0.08001793970226388,0,17.0
710.0,12,2217.0,22.393939393939394,12.873445789481014,1,5.0,0.31453484986683733,1,5.0
715.0,12,2252.0,22.52,13.3702974235393,1,3.0,0.4179080023287804,1,3.0
720.0,12,2302.0,22.568627450980394,13.312630351390508,1,8.0,0.0,1,8.0
725.0,10,2350.0,23.26732673267327,12.812491279965652,1,15.0,0.3318794632729813,1,15.0
730.0,12,2407.0,23.598039215686274,12.870099271845936,2,23.0,0.08098648882678974,2,23.0
735.0,12,2462.0,24.376237623762375,12.611120633686204,3,37.0,1.8742782992194073e-05,3,37.0
740.0,10,2472.0,24.0,12.506069111226825,0,21.0,0.3736952755694108,0,21.0
745.0,10,2517.0,24.436893203883496,12.571669679033459,0,0.0,0.09626743996284723,0,0.0
750.0,11,2566.0,24.673076923076923,12.213310526746271,1,2.0,0.19074152386532658,1,2.0
755.0,13,2626.0,25.49514563106796,12.155697019710034,2,7.0,0.02275656564348552,2,7.0
760.0,14,2695.0,26.42156862745098,12.352675837383726,3,21.0,0.2357487392475126,3,21.0
765.0,14,2737.0,26.57281553398058,11.835457002316245,1,11.0,0.13317624655743235,1,11.0
770.0,13,2795.0,26.61904761904762,12.583653552911702,0,0.0,0.25742565304864373,0,0.0
775.0,16,2860.0,26.72897196261682,12.424169130358045,1,1.0,0.014618306389547168,1,1.0
780.0,17,2894.0,26.30909090909091,12.300283810444535,3,12.0,0.21377693190377708,3,12.0
785.0,17,2957.0,27.635514018691588,12.243976043245514,1,7.0,0.07332984809327305,1,7.0
790.0,15,3000.0,28.846153846153847,11.816527656210827,1,7.0,0.0,1,7.0
795.0,12,3047.0,28.745283018867923,12.1178198825385,0,13.0,0.3538318759633684,0,13.0
800.0,13,3108.0,28.254545454545454,11.28321292197066,1,3.0,0.24171438651340912,1,3.0
805.0,13,3173.0,28.845454545454544,11.724405907044616,1,6.0,0.0,1,6.0
810.0,13,3215.0,29.227272727272727,11.499343453498891,1,11.0,0.0,1,11.0
815.0,15,3281.0,30.37962962962963,10.96650894722511,1,16.0,0.3258193653407682,1,16.0
820.0,14,3339.0,30.354545454545455,12.186482239451156,1,21.0,0.23399675663992967,1,21.0
825.0,14,3409.0,30.4375,12.967574437825297,2,31.0,0.0770433218227011,2,31.0
830.0,15,3479.0,31.91743119266055,12.5086056284667,2,41.0,0.017165086332478808,2,41.0
835.0,12,3498.0,32.388888888888886,12.325313921941062,0,4.0,0.4007537418697409,0,4.0
840.0,14,3559.0,33.89523809523809,12.319952397459318,1,1.0,0.005206735730344746,1,1.0
845.0,15,3620.0,34.476190476190474,12.18234544593011,1,3.0,0.42618876458475535,1,3.0
850.0,13,3684.0,36.11764705882353,12.355123540980134,1,6.0,0.10190115514880298,1,6.0
855.0,14,3749.0,38.255102040816325,11.739898477401177,1,19.0,0.014656200200534666,1,19.0
860.0,17,3825.0,39.03061224489796,11.949072612257254,2,29.0,0.0,2,29.0
865.0,14,3889.0,38.89,11.419122225900662,2,40.0,0.31409099372040955,2,40.0
870.0,14,3959.0,39.59,11.530614991658465,2,49.0,0.0,2,49.0
875.0,16,4032.0,40.32,11.735391166826618,2,59.0,0.07864845178735522,2,59.0
880.0,15,4045.0,40.04950495049505,11.189415027334844,0,35.0,0.06549032116972589,0,35.0
885.0,14,4114.0,41.14,12.388855774008588,1,5.0,0.454694611916098,1,5.0
890.0,15,4175.0,42.17171717171717,12.416760384808262,1,1.0,0.004332663876496889,1,1.0
895.0,15,4245.0,42.878787878787875,12.530719082903587,1,6.0,0.0,1,6.0
900.0,15,4315.0,43.58585858585859,12.269374271132925,1,13.0,0.3329464171679785,1,13.0
905.0,16,4385.0,43.85,11.776712397113956,1,18.0,0.3184263976187836,1,18.0
910.0,15,4457.0,44.57,12.503537074107761,2,23.0,0.0003747103299463052,2,23.0
915.0,16,4532.0,44.431372549019606,12.59105868859651,2,33.0,0.32757470855992415,2,33.0
920.0,13,4564.0,45.64,12.642403665957202,0,0.0,0.38289578113284917,0,0.0
925.0,14,4631.0,47.74226804123711,12.170685329581916,1,2.0,0.011330872523568961,1,2.0
930.0,13,4694.0,46.94,12.51094220262462,0,2.0,0.23658462537895905,0,2.0
935.0,15,4764.0,48.121212121212125,12.305157642428485,1,2.0,0.2046518701293622,1,2.0
940.0,18,4836.0,47.881188118811885,11.040790399584576,1,5.0,0.1786716115860249,1,5.0
945.0,19,4922.0,48.73267326732673,11.693035046477396,3,13.0,0.11337370900433355,3,13.0
950.0,17,4987.0,47.95192307692308,11.22530032010289,2,16.0,0.14802506876462906,2,16.0
955.0,15,5024.0,47.39622641509434,10.949176440928792,1,8.0,0.1254285454517498,1,8.0
960.0,15,5087.0,47.54205607476636,10.772879403538978,2,12.0,0.07509902987096297,2,12.0
965.0,19,5178.0,48.39252336448598,10.614703955693393,5,31.0,3.7415260656279784e-05,5,31.0
970.0,19,5273.0,49.2803738317757,10.883817994761252,5,56.0,0.0,5,56.0
975.0,16,5294.0,48.56880733944954,10.983317574023575,2,45.0,0.048248416027836895,2,45.0
980.0,13,5344.0,51.883495145631066,11.929027433989214,0,18.0,0.2692800715704237,0,18.0
985.0,14,5409.0,51.51428571428571,11.6899690747261,0,5.0,0.3205925300000935,0,5.0
990.0,15,5477.0,52.161904761904765,11.986635339080847,0,0.0,0.5005055764554418,0,0.0
995.0,16,5548.0,52.339622641509436,12.485578536547283,1,1.0,0.06670767521650842,1,1.0
1000.0,16,5628.0,52.598130841121495,12.105158098472025,2,11.0,0.09131063670056845,2,11.0
1005.0,15,5688.0,53.1588785046729,11.720773756148988,1,12.0,0.19229254552636982,1,12.0
1010.0,16,5743.0,51.276785714285715,12.04709780403914,2,9.0,0.1817587758894814,2,9.0
1015.0,16,5805.0,50.47826086956522,11.923179915952483,1,7.0,0.0631030737891537,1,7.0
1020.0,15,5872.0,51.9646017699115,11.689529943954508,1,6.0,0.004863907781767456,1,6.0
1025.0,17,5954.0,52.228070175438596,12.18001397156122,3,18.0,0.2508178115320087,3,18.0
1030.0,15,6007.0,52.69298245614035,12.095700160977852,1,10.0,0.1741861288170436,1,10.0
1035.0,16,6085.0,52.91304347826087,11.280489104924602,2,9.0,0.32450888899648017,2,9.0
1040.0,17,6169.0,54.5929203539823,11.872504716225391,2,19.0,0.09730004416347722,2,19.0
1045.0,15,6216.0,55.008849557522126,11.950845875115068,0,0.0,0.35096871459786355,0,0.0
1050.0,16,6287.0,55.63716814159292,12.20511574143757,0,0.0,1.0,0,0.0
1055.0,16,6357.0,57.270270270270274,12.429871173424031,0,0.0,1.0,0,0.0
1060.0,17,6433.0,56.92920353982301,12.646440055326554,0,0.0,1.0,0,0.0
1065.0,16,6507.0,57.584070796460175,12.703975053851504,0,0.0,0.6536071865340274,0,0.0
1070.0,18,6588.0,59.89090909090909,12.704303733081517,1,1.0,0.47215567703412314,1,1.0
1075.0,20,6680.0,61.28440366972477,12.40935459824736,1,13.0,0.4550028674707186,1,13.0
1080.0,22,6786.0,62.833333333333336,11.424655281147656,2,13.0,0.00019219474252865897,2,13.0
1085.0,20,6842.0,61.63963963963964,10.739194984947511,1,7.0,0.2957885051931541,1,7.0
1090.0,23,6947.0,61.47787610619469,11.226366492941722,1,7.0,0.032161557610510365,1,7.0
1095.0,26,7050.0,61.8421052631579,10.638809951273629,1,3.0,0.18011078355604765,1,3.0
1100.0,19,7102.0,63.410714285714285,11.302316484682146,2,8.0,0.18707109132926136,2,8.0
1105.0,18,7181.0,64.11607142857143,11.861749983555692,1,13.0,0.22929651072814292,1,13.0
1110.0,21,7277.0,64.97321428571429,12.288751024646029,3,13.0,0.009965448607920138,3,13.0
1115.0,18,7351.0,63.92173913043478,11.851905898404317,1,29.0,0.2948003152854256,1,29.0
1120.0,20,7441.0,64.70434782608696,11.162474839127427,3,46.0,0.15468571674248277,3,46.0
1125.0,20,7525.0,65.43478260869566,10.47393548157534,1,62.0,0.12212509884337587,1,62.0
1130.0,25,7636.0,65.82758620689656,10.104600621103236,5,73.0,0.010479500975727741,5,73.0
1135.0,29,7766.0,69.96396396396396,9.650490600094368,7,106.0,0.0010850237668834266,7,106.0
1140.0,30,7911.0,71.27027027027027,10.087143887998081,8,146.0,3.9899522267662455e-06,8,146.0
1145.0,32,8058.0,71.94642857142857,9.734996342533492,8,186.0,0.0,8,186.0
1150.0,32,8212.0,71.40869565217392,10.106694949193207,8,226.0,0.06405958225285176,8,226.0
1155.0,33,8373.0,72.18103448275862,9.77748500298454,8,266.0,0.08960291890168862,8,266.0
1160.0,29,8363.0,72.09482758620689,9.524690134988461,4,244.0,0.044407502501657196,4,244.0
1165.0,24,8288.0,72.70175438596492,10.358532146176117,2,230.0,0.04557907196601084,2,230.0
1170.0,22,8354.0,72.01724137931035,10.288259158104186,3,184.0,0.08044575943570005,3,184.0
1175.0,20,8440.0,73.3913043478261,10.509927691462766,1,169.0,0.10648030893107152,1,169.0
1180.0,22,8500.0,73.91304347826087,11.099872379814169,3,116.0,0.004951037049011578,3,116.0
1185.0,22,8590.0,77.38738738738739,10.680224981582247,2,96.0,0.053679701208614344,2,96.0
1190.0,20,8675.0,77.45535714285714,10.68296363044058,0,48.0,0.2972275540352669,0,48.0
1195.0,19,8768.0,78.990990990991,10.938311510792277,0,15.0,0.4615423410966904,0,15.0
1200.0,21,8865.0,78.45132743362832,11.243463054002643,1,5.0,0.2002003676622041,1,5.0
1205.0,22,8968.0,78.66666666666667,11.431539979794614,1,11.0,0.1577177746588795,1,11.0
1210.0,21,9066.0,80.23008849557522,12.09964290957786,2,18.0,0.131737206653991,2,18.0
1215.0,21,9153.0,83.2090909090909,12.610886657616525,2,14.0,0.03524989812124204,2,14.0
1220.0,23,9264.0,84.9908256880734,12.236787519426162,4,26.0,0.00022536224537365388,4,26.0
1225.0,21,9347.0,88.17924528301887,11.10122272839109,2,30.0,0.03574699529629271,2,30.0
1230.0,21,9434.0,87.35185185185185,11.090356327323455,0,11.0,0.26816459794386616,0,11.0
1235.0,22,9534.0,88.27777777777777,10.66660571061352,0,2.0,0.2844962349048837,0,2.0
1240.0,23,9637.0,91.78095238095239,11.520969894475394,0,0.0,0.372805790741501,0,0.0
1245.0,23,9743.0,91.05607476635514,10.841236606215302,0,0.0,0.22346935184999894,0,0.0
1250.0,22,9835.0,93.66666666666667,10.565357602020327,0,1.0,0.11758207968907211,0,1.0
1255.0,21,9934.0,92.8411214953271,11.567885867397262,0,0.0,1.0,0,0.0
1260.0,20,10034.0,91.21818181818182,11.715978927835414,0,0.0,1.0,0,0.0
1265.0,22,10138.0,92.16363636363636,10.834479899010216,0,0.0,1.0,0,0.0
1270.0,23,10246.0,91.48214285714286,9.911013281892593,0,0.0,0.6858315887395211,0,0.0
1275.0,28,10369.0,92.58035714285714,10.177089966562926,1,1.0,0.00034396030014296434,1,1.0
1280.0,27,10488.0,93.64285714285714,10.371809409302072,1,6.0,5.24731409914074e-06,1,6.0
1285.0,28,10625.0,94.86607142857143,10.056905662266812,1,11.0,0.0,1,11.0
1290.0,27,10735.0,99.39814814814815,9.902025946772255,1,16.0,0.0,1,16.0
1295.0,25,10841.0,98.55454545454545,10.487958270240217,1,21.0,0.12117705771220166,1,21.0
1300.0,25,10928.0,98.45045045045045,10.405472052624187,0,6.0,0.15819292521087722,0,6.0
1305.0,25,11045.0,100.4090909090909,11.224973944715956,1,3.0,0.1890571196808414,1,3.0
1310.0,25,11132.0,104.03738317757009,10.507442316482505,1,2.0,0.04099488296135816,1,2.0
1315.0,28,11268.0,107.31428571428572,10.213354521104014,3,21.0,0.232098998804771,3,21.0
1320.0,25,11378.0,105.35185185185185,9.582743306700358,0,6.0,0.11202827565314583,0,6.0
1325.0,25,11503.0,108.51886792452831,9.764880519163805,0,0.0,0.28972114917330694,0,0.0
1330.0,25,11585.0,108.27102803738318,10.82629913386354,1,3.0,0.47560031645684037,1,3.0
1335.0,24,11681.0,108.1574074074074,10.587774299963465,1,8.0,0.0,1,8.0
1340.0,23,11796.0,109.22222222222223,11.376981029209537,1,13.0,0.0,1,13.0
1345.0,25,11916.0,110.33333333333333,11.233387045510547,1,18.0,0.0,1,18.0
1350.0,26,12039.0,112.51401869158879,11.278798502045223,1,23.0,0.0,1,23.0
1355.0,28,12166.0,109.6036036036036,10.134388321822867,2,44.0,0.00044624854986183895,2,44.0
1360.0,26,12238.0,110.25225225225225,9.826154120120076,0,19.0,0.11343620075550245,0,19.0
1365.0,25,12349.0,112.26363636363637,10.452134596636968,1,24.0,0.05753279450168893,1,24.0
1370.0,23,12463.0,112.27927927927928,10.633143389069472,0,2.0,0.14077678840063104,0,2.0
1375.0,23,12553.0,112.08035714285714,11.33133430419735,0,0.0,1.0,0,0.0
1380.0,22,12663.0,112.06194690265487,11.897492797002506,0,0.0,0.36284539789083764,0,0.0
1385.0,24,12774.0,109.17948717948718,11.515599900654626,0,0.0,0.7800005108838899,0,0.0
1390.0,24,12886.0,109.20338983050847,11.346336146995208,0,0.0,0.36051799610892266,0,0.0
1395.0,24,13004.0,111.14529914529915,11.90802309606495,1,5.0,3.761191564824173e-05,1,5.0
1400.0,24,13117.0,112.11111111111111,11.801760465488888,0,0.0,0.31233254761047563,0,0.0
1405.0,24,13237.0,109.39669421487604,11.245371849503751,0,0.0,0.557144559397557,0,0.0
1410.0,22,13323.0,111.95798319327731,12.101265482231277,0,0.0,1.0,0,0.0
1415.0,23,13433.0,109.21138211382114,12.251560224132488,0,3.0,0.9758669328314331,0,3.0
1420.0,23,13544.0,109.2258064516129,11.75035865105374,0,0.0,1.0,0,0.0
1425.0,22,13653.0,109.224,11.184262761028956,0,2.0,0.6208668529584216,0,2.0
1430.0,24,13771.0,108.43307086614173,11.253166789924178,0,0.0,0.5268855327964529,0,0.0
1435.0,25,13888.0,110.22222222222223,11.823167887567307,1,2.0,0.008135955592019791,1,2.0
1440.0,22,13983.0,109.2421875,11.971342835064641,0,8.0,0.39269702884815916,0,8.0
1445.0,24,14098.0,110.140625,12.06402587037443,1,7.0,0.002934696114469848,1,7.0
1450.0,26,14220.0,109.38461538461539,11.752707078131682,0,5.0,0.24976142778250143,0,5.0
1455.0,25,14335.0,107.78195488721805,12.064708132939185,0,0.0,0.4209616033598768,0,0.0
1460.0,25,14446.0,108.61654135338345,11.278486693581748,2,30.0,0.23600518372839438,2,30.0
1465.0,24,14537.0,111.82307692307693,10.356864139020459,0,28.0,0.24903573411301122,0,28.0
1470.0,25,14648.0,115.33858267716535,10.866435567633902,1,8.0,0.24697341288355057,1,8.0
1475.0,22,14753.0,117.08730158730158,11.428047296399232,0,8.0,0.15886757382211766,0,8.0
1480.0,24,14865.0,117.97619047619048,11.112551309378702,0,0.0,0.4989966882624618,0,0.0
1485.0,26,14982.0,124.85,10.930883832920635,2,7.0,1.806513860259433e-05,2,7.0
1490.0,28,15098.0,126.87394957983193,10.312091456848943,0,0.0,0.3155829620866186,0,0.0
1495.0,27,15214.0,127.84873949579831,11.238142726839351,2,6.0,0.14794479924932294,2,6.0
1500.0,26,15317.0,126.58677685950413,11.214468600431193,1,10.0,0.1415707791745955,1,10.0
1505.0,24,15430.0,125.44715447154472,11.340380873521916,0,2.0,0.17453763363235256,0,2.0
1510.0,24,15550.0,130.67226890756302,10.699166114997258,0,0.0,0.25502077343928453,0,0.0
1515.0,25,15670.0,131.68067226890756,10.309298650244946,0,0.0,0.23374346301856166,0,0.0
1520.0,25,15790.0,139.73451327433628,10.362138877991889,0,3.0,0.36080571613121526,0,3.0
1525.0,27,15915.0,138.3913043478261,10.382198811718855,1,4.0,0.002821425690703335,1,4.0
1530.0,24,16030.0,140.6140350877193,11.015111273614577,0,0.0,0.14364068103669592,0,0.0
1535.0,25,16152.0,145.51351351351352,11.309250175884248,0,0.0,0.35684330327584945,0,0.0
1540.0,27,16279.0,146.65765765765767,11.238445824866478,1,2.0,0.0002674565710477803,1,2.0
1545.0,26,16409.0,147.82882882882882,10.32575786797021,1,12.0,0.16436611276231092,1,12.0
1550.0,27,16535.0,147.63392857142858,10.7762358527072,0,0.0,0.5268870297720933,0,0.0
1555.0,29,16677.0,150.24324324324326,11.052731499398462,1,2.0,0.18267018674002247,1,2.0
1560.0,27,16791.0,151.27027027027026,10.7639642853475,0,27.0,0.1237528965200626,0,27.0
1565.0,27,16921.0,156.67592592592592,10.978661421633168,0,25.0,0.22336895453649244,0,25.0
1570.0,27,17051.0,153.61261261261262,10.215319556276244,0,3.0,0.18647517103246614,0,3.0
1575.0,27,17184.0,157.651376146789,9.96028354353186,1,3.0,0.14819408288587718,1,3.0
1580.0,28,17313.0,155.97297297297297,11.135295794021662,1,2.0,0.09911892880082901,1,2.0
1585.0,30,17458.0,157.27927927927928,11.171375159767193,4,17.0,0.0002507179811099714,4,17.0
1590.0,27,17577.0,165.82075471698113,10.866427217285388,1,46.0,0.1253369673650141,1,46.0
1595.0,28,17702.0,171.8640776699029,9.356678148753545,0,30.0,0.20499736403219748,0,30.0
1600.0,29,17839.0,168.29245283018867,9.119743300917614,0,0.0,0.12803688185421805,0,0.0
1605.0,29,17983.0,168.06542056074767,9.810220786016856,1,4.0,0.4676756225709365,1,4.0
1610.0,29,18128.0,166.3119266055046,10.567717962376733,1,9.0,0.31689842295693427,1,9.0
1615.0,29,18259.0,164.4954954954955,10.196547385861733,0,0.0,0.01025713611706917,0,0.0
1620.0,32,18405.0,162.87610619469027,10.171898250862718,1,4.0,0.1589756585921009,1,4.0
1625.0,29,18539.0,159.81896551724137,9.785967979657263,0,3.0,0.18364499517116498,0,3.0
1630.0,31,18688.0,163.9298245614035,10.327000202825435,2,8.0,0.00012503898883288846,2,8.0
1635.0,30,18827.0,166.61061946902655,10.122414836408218,0,7.0,0.4073695435148864,0,7.0
1640.0,30,18973.0,174.06422018348624,9.785505125322635,1,1.0,0.15119931903204786,1,1.0
1645.0,29,19104.0,169.06194690265488,9.486149311909912,0,1.0,0.578644505718461,0,1.0
1650.0,30,19249.0,167.38260869565218,10.336302026721256,0,0.0,1.0,0,0.0
1655.0,33,19398.0,167.22413793103448,9.7355849566823,0,0.0,1.0,0,0.0
1660.0,31,19549.0,174.54464285714286,9.72502567819423,0,0.0,0.2462457487911396,0,0.0
1665.0,31,19704.0,177.51351351351352,9.686919454479034,0,0.0,1.0,0,0.0
1670.0,33,19862.0,177.33928571428572,10.435651505709433,0,0.0,1.0,0,0.0
1675.0,33,20022.0,188.88679245283018,10.658191844335985,0,0.0,1.0,0,0.0
1680.0,33,20182.0,194.05769230769232,10.250063448893512,0,0.0,1.0,0,0.0
1685.0,33,20342.0,191.9056603773585,10.170477513560044,0,0.0,1.0,0,0.0
1690.0,34,20507.0,184.74774774774775,9.834696637595588,0,0.0,0.4809229490368142,0,0.0
1695.0,35,20674.0,187.94545454545454,9.25815242470441,0,0.0,0.233867450113162,0,0.0
1700.0,36,20847.0,187.8108108108108,9.073146655694915,1,3.0,0.4872885489932814,1,3.0
1705.0,36,21013.0,189.3063063063063,9.3242813167279,1,11.0,0.2707439635509113,1,11.0
1710.0,38,21187.0,189.16964285714286,9.717324285606855,1,6.0,0.07429508634512826,1,6.0
1715.0,40,21375.0,189.15929203539824,10.220908229007389,2,12.0,1.7084342760885095e-05,2,12.0
1720.0,39,21559.0,185.85344827586206,9.219482868277442,0,6.0,0.4180724611860859,0,6.0
1725.0,40,21748.0,184.3050847457627,9.243610318518092,0,0.0,0.23195790472211544,0,0.0
1730.0,41,21944.0,182.86666666666667,10.387291187178857,2,8.0,0.013670250804763662,2,8.0
1735.0,38,22104.0,184.2,9.943961817074895,0,10.0,0.15847411214788643,0,10.0
1740.0,38,22291.0,182.71311475409837,10.608422465388351,1,2.0,0.29859476673627267,1,2.0
1745.0,40,22478.0,187.31666666666666,9.904490117711994,2,6.0,0.03892555303968178,2,6.0
1750.0,41,22676.0,188.96666666666667,9.553191818785765,2,14.0,0.3396596381072182,2,14.0
1755.0,41,22848.0,185.7560975609756,9.193740513197643,3,5.0,0.01856367349089132,3,5.0
1760.0,40,23047.0,188.90983606557376,8.780862195929776,3,18.0,0.19879636767718162,3,18.0
1765.0,40,23216.0,191.86776859504133,9.57429489622933,1,24.0,0.149113007815797,1,24.0
1770.0,39,23409.0,195.075,9.398516808411307,1,9.0,0.27560416789461095,1,9.0
1775.0,41,23605.0,193.48360655737704,9.116699303510059,1,20.0,0.5385308584156789,1,20.0
1780.0,41,23803.0,201.72033898305085,9.190367678913068,1,16.0,0.0,1,16.0
1785.0,40,23994.0,199.95,9.454705621807326,1,21.0,0.0,1,21.0
1790.0,40,24189.0,198.2704918032787,9.890863242399911,1,26.0,0.0,1,26.0
1795.0,39,24384.0,199.86885245901638,10.337812953190374,1,31.0,0.2990041586126052,1,31.0
1800.0,39,24579.0,203.13223140495867,10.216093766752163,1,36.0,0.48436073795589,1,36.0
1805.0,39,24774.0,203.0655737704918,9.972828640909317,1,41.0,0.3406039481659326,1,41.0
1810.0,39,24969.0,201.36290322580646,10.286940211104776,1,46.0,0.00294003209918664,1,46.0
1815.0,43,25180.0,203.06451612903226,10.324739887497453,2,56.0,0.3288795801245896,2,56.0
1820.0,43,25387.0,204.73387096774192,10.068319998589056,2,66.0,0.0,2,66.0
1825.0,42,25597.0,209.81147540983608,9.184885758819053,2,80.0,0.3150622226947519,2,80.0
1830.0,39,25684.0,203.84126984126985,9.76376854036686,0,9.0,0.32751290314212,0,9.0
1835.0,40,25880.0,208.70967741935485,10.128477388326896,2,16.0,0.27928490011613094,2,16.0
1840.0,39,26067.0,208.536,9.898386880964715,0,10.0,0.197924954587264,0,10.0
1845.0,40,26262.0,208.42857142857142,10.086245796661414,0,0.0,0.4497004198972444,0,0.0
1850.0,41,26461.0,211.688,9.543359426929632,0,0.0,0.6747006567386125,0,0.0
1855.0,42,26666.0,213.328,9.339913976639982,0,3.0,0.185025348281777,0,3.0
1860.0,43,26862.0,213.1904761904762,9.692760555167334,0,6.0,0.1657168409728957,0,6.0
1865.0,42,27071.0,211.4921875,9.681293894861929,1,5.0,0.0,1,5.0
1870.0,41,27271.0,218.168,9.827706141105807,0,0.0,1.0,0,0.0
1875.0,43,27477.0,221.58870967741936,9.93219471962763,0,0.0,0.450443247076496,0,0.0
1880.0,44,27690.0,214.65116279069767,9.5142239170339,1,3.0,0.059232800070343955,1,3.0
1885.0,43,27898.0,221.4126984126984,9.520424360681533,1,6.0,0.06518694945860154,1,6.0
1890.0,42,28097.0,222.9920634920635,9.9311353545546,1,6.0,0.3618743372115396,1,6.0
1895.0,43,28301.0,226.408,9.713560665692922,1,12.0,0.16913624029495802,1,12.0
1900.0,43,28516.0,221.05426356589146,9.720232078039249,1,15.0,0.13043411625564022,1,15.0
1905.0,43,28717.0,226.11811023622047,9.758447166550605,1,20.0,0.0,1,20.0
1910.0,43,28927.0,225.9921875,9.612956702391315,1,25.0,0.27635228328746286,1,25.0
1915.0,43,29141.0,231.27777777777777,8.981186474166453,1,30.0,0.0,1,30.0
1920.0,44,29356.0,234.848,8.91993019329409,1,35.0,0.2900575254625545,1,35.0
1925.0,43,29544.0,240.1951219512195,9.375045195774767,1,4.0,0.07750818655824845,1,4.0
1930.0,43,29740.0,236.03174603174602,8.965660113349642,1,9.0,0.2944093393472457,1,9.0
1935.0,45,29941.0,232.10077519379846,8.506164010498823,0,11.0,0.07089955453417941,0,11.0
1940.0,43,30150.0,228.4090909090909,9.059785460277865,0,10.0,0.19199886222624452,0,10.0
1945.0,45,30366.0,228.31578947368422,9.465463506715308,0,0.0,0.5865956399562923,0,0.0
1950.0,43,30570.0,235.15384615384616,10.206276811954229,0,3.0,0.7503767800680494,0,3.0
1955.0,43,30784.0,231.45864661654136,10.25164391865155,0,2.0,0.4259388788835597,0,2.0
1960.0,43,30991.0,236.57251908396947,10.124577208205498,0,0.0,1.0,0,0.0
1965.0,43,31206.0,241.90697674418604,10.362282220011174,0,0.0,0.5540452249109225,0,0.0
1970.0,45,31426.0,241.73846153846154,9.858805856819018,1,5.0,0.419744506354778,1,5.0
1975.0,44,31646.0,237.93984962406014,9.658851341524544,1,10.0,0.11768602232555225,1,10.0
1980.0,44,31866.0,239.593984962406,9.74477306643266,1,15.0,0.205369302296274,1,15.0
1985.0,44,32066.0,239.29850746268656,9.066457581943132,0,1.0,0.12684380659229635,0,1.0
1990.0,45,32286.0,242.75187969924812,9.301841601292715,0,0.0,1.0,0,0.0
1995.0,45,32509.0,248.16030534351145,9.313331792249745,0,0.0,1.0,0,0.0
2000.0,50,32742.0,248.04545454545453,8.856115362612158,0,0.0,1.0,0,0.0
2005.0,49,32981.0,246.12686567164178,8.768510162929799,0,0.0,0.8656562794654075,0,0.0
2010.0,49,33222.0,247.92537313432837,8.993827701942001,0,0.0,0.006957578778897749,0,0.0
2015.0,51,33440.0,244.08759124087592,9.210052607652175,1,5.0,0.40994996734860845,1,5.0
2020.0,49,33669.0,243.97826086956522,8.860030754358354,1,10.0,0.3776413230409611,1,10.0
2025.0,51,33919.0,245.78985507246378,8.40746559276752,1,21.0,0.3010429847319042,1,21.0
2030.0,53,34179.0,249.4817518248175,7.9401330359346565,1,20.0,0.0,1,20.0
2035.0,55,34451.0,251.46715328467153,8.322040786419109,1,25.0,0.42731702655419834,1,25.0
2040.0,57,34697.0,251.42753623188406,8.05399779507084,1,30.0,0.03666602505891753,1,30.0
2045.0,53,34865.0,249.03571428571428,8.803983762317483,0,3.0,0.13766710505450852,0,3.0
2050.0,47,35009.0,253.68840579710144,9.298474212347422,0,0.0,0.6315527917669905,0,0.0
2055.0,50,35230.0,248.09859154929578,8.856526380036264,1,1.0,0.22718023537050064,1,1.0
2060.0,48,35464.0,246.27777777777777,9.849307401457132,1,6.0,0.17398782900806684,1,6.0
2065.0,49,35701.0,247.92361111111111,10.02657141738894,2,16.0,0.31760594951799387,2,16.0
2070.0,47,35919.0,246.0205479452055,10.012204454966126,1,6.0,0.15214684261480987,1,6.0
2075.0,48,36118.0,250.81944444444446,9.346275071069412,3,15.0,0.013368183334737754,3,15.0
2080.0,49,36341.0,245.5472972972973,9.60063125748414,2,54.0,0.14933916339763564,2,54.0
2085.0,47,36563.0,245.38926174496643,9.432274832463506,2,53.0,0.09361141411142918,2,53.0
2090.0,48,36784.0,243.60264900662253,9.58265874343578,2,57.0,0.0673371158199609,2,57.0
2095.0,49,37026.0,242.0,10.231635556992629,4,35.0,0.0004934057779557574,4,35.0
2100.0,48,37240.0,248.26666666666668,9.58771465329022,2,109.0,0.1834450264168713,2,109.0
2105.0,49,37462.0,251.4228187919463,9.709272074942858,2,103.0,0.08865977367653792,2,103.0
2110.0,51,37692.0,246.35294117647058,9.940183378395906,3,93.0,0.040785170916351025,3,93.0
2115.0,49,37932.0,243.15384615384616,10.285470166230372,3,46.0,0.15940495057326973,3,46.0
2120.0,51,38180.0,251.18421052631578,9.51814119576395,4,91.0,0.061804141881795276,4,91.0
2125.0,50,38390.0,247.67741935483872,9.255787496902343,2,44.0,0.03863393277548638,2,44.0
2130.0,52,38624.0,249.18709677419355,9.055961896658182,1,21.0,0.17394310096007393,1,21.0
2135.0,54,38887.0,252.51298701298703,8.819688411169967,1,11.0,0.16972052570740867,1,11.0
2140.0,50,39106.0,255.59477124183007,8.588389823596945,1,15.0,0.21404857470141403,1,15.0
2145.0,48,39315.0,252.01923076923077,8.686456114212968,1,23.0,0.0884333264222508,1,23.0
2150.0,49,39554.0,256.84415584415586,8.307409507890373,1,25.0,0.30353470671218985,1,25.0
2155.0,50,39799.0,256.76774193548385,8.86216868239051,1,39.0,0.22955450750521375,1,39.0
2160.0,49,40044.0,260.02597402597405,8.797671377167404,1,39.0,0.2707466807408811,1,39.0
2165.0,49,40249.0,259.6709677419355,8.709084149059041,0,6.0,0.10461849165192318,0,6.0
2170.0,48,40452.0,257.656050955414,8.70496925443757,2,11.0,2.057685520966139e-05,2,11.0
2175.0,47,40676.0,265.8562091503268,8.631716615463253,0,6.0,0.5259509327965135,0,6.0
2180.0,49,40911.0,265.65584415584414,9.190688353602162,0,0.0,1.0,0,0.0
2185.0,49,41151.0,270.73026315789474,8.733982482496259,0,0.0,0.9370421999886264,0,0.0
2190.0,49,41368.0,272.1578947368421,8.86036599776264,0,0.0,0.015147829761674858,0,0.0
2195.0,48,41600.0,281.0810810810811,8.792353921847301,1,5.0,1.6559525508821438e-05,1,5.0
2200.0,50,41839.0,278.9266666666667,8.646287954798376,1,10.0,0.15283391213876887,1,10.0
2205.0,46,42055.0,284.1554054054054,9.168618229494609,0,5.0,0.30883084844490816,0,5.0
2210.0,52,42297.0,287.734693877551,9.161253395847622,2,9.0,0.011828939634390924,2,9.0
2215.0,46,42515.0,289.21768707482994,9.442234732996953,0,8.0,0.12169772611196908,0,8.0
2220.0,48,42745.0,292.7739726027397,9.417878708862487,0,0.0,0.24387940469716674,0,0.0
2225.0,49,42981.0,286.54,9.720429295454153,0,2.0,0.41417646635765026,0,2.0
2230.0,48,43213.0,298.0206896551724,9.389084803624433,0,0.0,0.35630551448897635,0,0.0
2235.0,50,43457.0,297.6506849315069,9.443700429434719,1,3.0,0.48700663159546337,1,3.0
2240.0,51,43698.0,301.36551724137934,9.184792528728678,1,3.0,0.0885523000576829,1,3.0
2245.0,51,43949.0,301.02054794520546,9.479898458710345,2,12.0,0.001997503198970055,2,12.0
2250.0,51,44189.0,300.6054421768707,9.263125086840699,0,7.0,0.18488770539107974,0,7.0
2255.0,49,44397.0,299.97972972972974,9.103941404170802,0,19.0,0.5241113567788741,0,19.0
2260.0,50,44643.0,307.88275862068963,9.031448165077782,2,6.0,0.32802688357669035,2,6.0
2265.0,50,44876.0,307.36986301369865,8.738499486511161,3,18.0,0.13875225858462137,3,18.0
2270.0,49,45096.0,308.8767123287671,8.422208406215345,0,15.0,0.20008073756977654,0,15.0
2275.0,49,45336.0,312.6620689655172,9.089961938111252,1,1.0,0.3193710885755327,1,1.0
2280.0,49,45577.0,303.8466666666667,9.525891533267973,0,0.0,0.18923700466200558,0,0.0
2285.0,50,45826.0,305.50666666666666,10.242778094212953,0,0.0,0.5889222417544512,0,0.0
2290.0,51,46068.0,311.27027027027026,10.684985695498952,0,4.0,0.7846718220373369,0,4.0
2295.0,49,46270.0,321.31944444444446,10.237245244544072,0,0.0,0.36753225609104245,0,0.0
2300.0,48,46510.0,316.3945578231293,10.6415422683066,0,0.0,0.4739541870593652,0,0.0
2305.0,49,46741.0,313.6979865771812,9.643089519666471,0,8.0,0.325415657346569,0,8.0
2310.0,51,46989.0,317.4932432432432,9.819913880226135,1,11.0,0.006880939601912454,1,11.0
2315.0,51,47236.0,321.3333333333333,9.931687780723344,0,3.0,0.12486018000954693,0,3.0
2320.0,50,47486.0,320.85135135135135,9.659796353712887,0,35.0,0.3800647280500101,0,35.0
2325.0,48,47700.0,326.71232876712327,8.803811301988613,0,16.0,0.20232424206674518,0,16.0
2330.0,52,47946.0,330.6620689655172,8.98319030984003,2,7.0,0.186810147620595,2,7.0
2335.0,50,48196.0,334.69444444444446,9.212814663131741,2,26.0,0.184791808956504,2,26.0
2340.0,53,48455.0,343.65248226950354,8.972015619752195,2,67.0,0.05312075969019479,2,67.0
2345.0,52,48682.0,350.23021582733816,8.992645543302315,1,76.0,0.08083812408039277,1,76.0
2350.0,51,48937.0,352.0647482014389,8.911531849762486,1,46.0,0.15664741161918025,1,46.0
2355.0,51,49181.0,353.8201438848921,9.331983125532082,1,18.0,0.10651299164438995,1,18.0
2360.0,52,49440.0,353.14285714285717,8.747149825996322,2,25.0,0.08794411889096525,2,25.0
2365.0,49,49649.0,365.06617647058823,8.678439117921528,0,8.0,0.2901556565037587,0,8.0
2370.0,49,49894.0,366.86764705882354,8.776739038745033,0,0.0,1.0,0,0.0
2375.0,51,50142.0,374.1940298507463,8.868489773590982,0,0.0,0.7674098642777071,0,0.0
2380.0,51,50390.0,376.04477611940297,8.357220332189229,0,0.0,0.7679245548989914,0,0.0
2385.0,51,50631.0,380.6842105263158,8.480219155755362,1,2.0,0.006572523466940019,1,2.0
2390.0,50,50874.0,385.40909090909093,8.312174088206833,0,3.0,0.34163379925176135,0,3.0
2395.0,50,51119.0,381.4850746268657,7.9803678457606555,0,0.0,0.35980160035918646,0,0.0
2400.0,50,51367.0,380.4962962962963,7.703204980538218,0,0.0,0.14549194829943624,0,0.0
2405.0,52,51622.0,391.07575757575756,8.221100077879035,0,0.0,1.0,0,0.0
2410.0,49,51854.0,389.8796992481203,9.106651952937451,0,0.0,1.0,0,0.0
2415.0,49,52099.0,388.7985074626866,9.672595693732587,0,0.0,0.7459422002628626,0,0.0
2420.0,50,52344.0,382.0729927007299,9.603829286138508,0,0.0,0.5811892058517769,0,0.0
2425.0,50,52589.0,381.07971014492756,9.301625798744038,0,0.0,0.007081313822179532,0,0.0
2430.0,50,52839.0,372.1056338028169,8.973749984052725,1,5.0,0.43670038665605043,1,5.0
2435.0,50,53084.0,379.1714285714286,9.299931261312501,0,2.0,0.19261583898610352,0,2.0
2440.0,52,53340.0,381.0,9.668294373350802,1,5.0,0.0,1,5.0
2445.0,51,53590.0,380.07092198581563,10.14224920924414,0,0.0,0.3656441216413919,0,0.0
2450.0,50,53815.0,381.6666666666667,9.778343495540215,0,0.0,1.0,0,0.0
2455.0,52,54074.0,386.24285714285713,8.854029110656281,0,0.0,0.7530241967159371,0,0.0
2460.0,53,54335.0,382.64084507042253,9.369853948996594,1,1.0,0.0007020695065227399,1,1.0
2465.0,53,54596.0,373.94520547945206,9.224217425506303,0,0.0,0.745430835417187,0,0.0
2470.0,53,54854.0,375.71232876712327,8.913448064356297,0,0.0,0.08470603660711251,0,0.0
2475.0,51,55066.0,374.5986394557823,8.536164512775514,0,1.0,0.09535690794275091,0,1.0
2480.0,51,55321.0,373.7905405405405,9.243538256525722,0,0.0,0.19651515387655527,0,0.0
2485.0,52,55565.0,365.5592105263158,9.260413306776295,0,0.0,0.4485590199364602,0,0.0
2490.0,52,55820.0,367.2368421052632,9.265871111057331,0,0.0,0.26499903761098575,0,0.0
2495.0,54,56077.0,366.51633986928107,9.028711995926496,1,1.0,0.36624746930915214,1,1.0
2500.0,52,56336.0,365.8181818181818,9.316694069224633,1,17.0,0.08586580937729467,1,17.0
2505.0,51,56585.0,377.23333333333335,9.623994522270053,0,11.0,0.154040677788237,0,11.0
2510.0,53,56844.0,373.9736842105263,9.924465541952285,1,4.0,9.033736444616825e-06,1,4.0
2515.0,50,57064.0,375.42105263157896,9.038626010262123,0,0.0,0.2554653484787917,0,0.0
2520.0,53,57325.0,377.1381578947368,8.999475346147813,1,4.0,0.10565403480464947,1,4.0
2525.0,54,57582.0,376.3529411764706,9.203074900373798,4,22.0,0.17992305640893655,4,22.0
2530.0,52,57819.0,380.3881578947368,9.544697695717508,2,22.0,0.10411934460714257,2,22.0
2535.0,52,58072.0,374.65806451612906,9.571754180465643,1,10.0,0.24480062542535372,1,10.0
2540.0,53,58319.0,381.16993464052285,8.776270256708411,2,26.0,0.14980327536011662,2,26.0
2545.0,56,58587.0,380.43506493506493,8.501949713037538,4,64.0,0.045506285841718605,4,64.0
2550.0,55,58842.0,377.1923076923077,8.658015528636103,2,69.0,0.09368454329292161,2,69.0
2555.0,56,59111.0,376.5031847133758,9.10178710367687,2,39.0,0.1725704186054461,2,39.0
2560.0,58,59383.0,371.14375,8.357587728177243,3,45.0,0.08443951215297883,3,45.0
2565.0,57,59610.0,379.68152866242036,8.748888895368285,5,63.0,0.12514451605789015,5,63.0
2570.0,56,59866.0,386.23225806451615,8.658437360102338,3,32.0,0.08696661187717247,3,32.0
2575.0,57,60130.0,385.44871794871796,8.391494836963792,3,28.0,0.09758055126238634,3,28.0
2580.0,59,60386.0,384.62420382165607,8.478464485206334,2,18.0,0.04369343100033774,2,18.0
2585.0,60,60655.0,388.81410256410254,8.537419946282238,3,28.0,0.11126228330081318,3,28.0
2590.0,61,60924.0,390.53846153846155,9.006083092268417,1,12.0,0.10128534116916285,1,12.0
2595.0,58,61202.0,402.64473684210526,9.058902040809533,0,1.0,0.36906668355386896,0,1.0
2600.0,56,61440.0,406.887417218543,8.321960715103428,1,5.0,0.2872236865876623,1,5.0
2605.0,58,61716.0,398.1677419354839,8.81636752181589,2,5.0,0.02696669416386536,2,5.0
2610.0,60,62009.0,400.05806451612904,8.838935170113595,5,23.0,0.007579099383597924,5,23.0
2615.0,59,62200.0,398.71794871794873,9.220684296028677,6,52.0,0.13639311936989698,6,52.0
2620.0,55,62411.0,400.0705128205128,8.914985697101224,2,44.0,0.03916992189913878,2,44.0
2625.0,54,62658.0,412.2236842105263,8.85010202698474,1,27.0,0.12204455501933464,1,27.0
2630.0,53,62919.0,416.682119205298,8.33476181522543,1,11.0,0.0830408449242327,1,11.0
2635.0,58,63201.0,418.5496688741722,8.161471167366429,2,29.0,0.07513888555211616,2,29.0
2640.0,57,63486.0,437.8344827586207,8.154525985711652,2,31.0,0.2650455037446146,2,31.0
2645.0,57,63734.0,439.5448275862069,8.436578547941961,0,23.0,0.17775528436320753,0,23.0
2650.0,58,64020.0,438.4931506849315,8.572376261692646,2,28.0,0.10937877921642265,2,28.0
2655.0,57,64272.0,446.3333333333333,8.686705431488448,1,8.0,0.06462624080778333,1,8.0
2660.0,54,64487.0,444.73793103448276,9.030752166853246,0,17.0,0.38414680592305556,0,17.0
2665.0,55,64752.0,443.5068493150685,8.603033972415199,0,4.0,0.4408479816032487,0,4.0
2670.0,52,64989.0,460.9148936170213,9.367162646892522,0,1.0,0.3230499956090167,0,1.0
2675.0,54,65250.0,456.2937062937063,9.264713812539242,0,0.0,0.5769495717230625,0,0.0
2680.0,54,65510.0,461.3380281690141,9.240985306371817,0,0.0,1.0,0,0.0
2685.0,53,65769.0,463.1619718309859,9.291185952830443,0,0.0,1.0,0,0.0
2690.0,56,66034.0,455.4068965517241,9.265540160707756,0,44.0,0.5397270967526857,0,44.0
2695.0,52,66289.0,460.34027777777777,8.642949491131326,0,0.0,0.8219289844848954,0,0.0
2700.0,53,66549.0,452.7142857142857,7.752781159272641,0,22.0,0.28434414917769,0,22.0
2705.0,53,66809.0,463.9513888888889,8.071135946675923,0,0.0,0.4758849296075612,0,0.0
2710.0,53,67072.0,469.034965034965,7.796900109774781,1,3.0,0.0,1,3.0
2715.0,54,67341.0,467.6458333333333,8.458271231101596,1,8.0,0.4955547271522048,1,8.0
2720.0,54,67603.0,466.22758620689655,8.408501488513881,1,13.0,0.0,1,13.0
2725.0,54,67870.0,464.86301369863014,8.489697849574485,1,18.0,0.0,1,18.0
2730.0,55,68140.0,463.5374149659864,8.934882903003995,1,23.0,0.16814765596863693,1,23.0
2735.0,53,68373.0,458.87919463087246,8.80869834593374,0,0.0,0.3478657263204864,0,0.0
2740.0,54,68640.0,466.9387755102041,8.85743525981547,1,4.0,0.17404955576344278,1,4.0
2745.0,55,68908.0,462.4697986577181,8.640835068174157,2,10.0,0.13599834455761528,2,10.0
2750.0,59,69191.0,464.3691275167785,8.096883818511149,4,22.0,0.09208382327961831,4,22.0
2755.0,60,69463.0,469.3445945945946,8.234522484573757,1,30.0,0.1614828566009395,1,30.0
2760.0,60,69746.0,481.00689655172414,7.701314728555894,2,20.0,0.24892780537501688,2,20.0
2765.0,60,70003.0,482.7793103448276,8.027590645773573,3,28.0,0.09518061823599804,3,28.0
2770.0,58,70251.0,484.4896551724138,8.729917185059461,4,39.0,0.13150851877400083,4,39.0
2775.0,57,70508.0,486.26206896551724,8.727690377695025,2,39.0,0.10425422941772562,2,39.0
2780.0,58,70779.0,484.78767123287673,8.329975445207529,3,41.0,0.16145775541618937,3,41.0
2785.0,56,71029.0,479.9256756756757,8.03899195705422,3,79.0,0.037555273733148285,3,79.0
2790.0,56,71306.0,481.7972972972973,8.24567493597197,3,87.0,0.08310815324216493,3,87.0
2795.0,54,71553.0,483.4662162162162,8.048539411245674,0,68.0,0.07554133305206273,0,68.0
2800.0,58,71833.0,482.1006711409396,7.922020722785089,3,67.0,0.009090020316336461,3,67.0
2805.0,57,72096.0,483.86577181208054,8.521039174295097,3,79.0,0.03673569930982595,3,79.0
2810.0,57,72358.0,479.1920529801325,8.053567237665968,1,45.0,0.2535259133419843,1,45.0
2815.0,57,72633.0,487.4697986577181,8.395573759723673,1,68.0,0.22241941232170265,1,68.0
2820.0,55,72895.0,482.74834437086093,8.718327943400372,1,26.0,0.1844268312827846,1,26.0
2825.0,58,73150.0,484.4370860927152,8.374202139747759,3,15.0,0.0002454923121134977,3,15.0
2830.0,59,73436.0,483.13157894736844,8.474078651403588,3,30.0,0.0,3,30.0
2835.0,53,73673.0,478.3961038961039,9.05383884759961,0,11.0,0.4132674332931854,0,11.0
2840.0,55,73939.0,492.9266666666667,9.085384640132528,1,3.0,0.36573309820870226,1,3.0
2845.0,55,74206.0,494.70666666666665,8.433772366429096,2,5.0,0.05490748289910883,2,5.0
2850.0,58,74491.0,496.6066666666667,8.663873332870677,4,22.0,9.624787821479541e-06,4,22.0
2855.0,55,74742.0,519.0416666666666,8.556765435435889,0,10.0,0.270599266019567,0,10.0
2860.0,55,74999.0,520.8263888888889,8.565579637454519,1,1.0,0.01693792626264389,1,1.0
2865.0,55,75264.0,519.0620689655173,8.445089112769137,1,3.0,0.06278683436581288,1,3.0
2870.0,55,75536.0,517.3698630136986,8.849163349663996,1,6.0,0.0,1,6.0
2875.0,55,75794.0,512.1216216216217,8.657383478001083,0,0.0,1.0,0,0.0
2880.0,53,76058.0,510.4563758389262,8.851395132917187,0,0.0,0.2220595258515593,0,0.0
2885.0,55,76328.0,515.7297297297297,8.766980895812683,0,0.0,0.5010349483857062,0,0.0
2890.0,54,76588.0,514.0134228187919,9.380988595680575,0,0.0,0.45411699489979995,0,0.0
2895.0,55,76855.0,515.8053691275168,9.37421179508713,0,4.0,0.6792848252056254,0,4.0
2900.0,55,77128.0,517.6375838926175,9.671356995708432,1,3.0,0.0001608252397736445,1,3.0
2905.0,55,77403.0,519.48322147651,9.219298449399329,1,19.0,0.4320454672763131,1,19.0
2910.0,53,77648.0,528.2176870748299,8.875515242783882,0,3.0,0.10246247256797061,0,3.0
2915.0,55,77918.0,530.0544217687075,9.130919283477503,1,5.0,0.13421497866919552,1,5.0
2920.0,53,78178.0,535.4657534246576,9.181547690171158,0,1.0,0.15755271859667386,0,1.0
2925.0,54,78444.0,552.4225352112676,9.186526164513499,0,0.0,0.6251244447232895,0,0.0
2930.0,54,78709.0,554.2887323943662,8.895747716730774,1,1.0,0.43446431003845265,1,1.0
2935.0,56,78984.0,552.3356643356643,8.748098189517417,1,6.0,0.0,1,6.0
2940.0,55,79259.0,546.6137931034483,9.10130528555537,1,11.0,0.31006007273406305,1,11.0
2945.0,57,79536.0,537.4054054054054,8.512096704529203,1,16.0,0.0,1,16.0
2950.0,55,79809.0,550.4068965517241,8.674800444518837,1,21.0,0.4972808261647192,1,21.0
2955.0,57,80086.0,556.1527777777778,8.497151414406382,1,26.0,0.0,1,26.0
2960.0,58,80369.0,554.2689655172413,7.984723533246128,1,31.0,0.31948817316172157,1,31.0
2965.0,56,80585.0,559.6180555555555,8.572888839385008,1,3.0,0.3987893992466244,1,3.0
2970.0,56,80865.0,557.6896551724138,8.86014800658414,1,7.0,0.004116244945880379,1,7.0
2975.0,55,81133.0,563.4236111111111,8.391859832581643,0,2.0,0.09975129652664982,0,2.0
2980.0,58,81412.0,561.4620689655172,8.416086339752603,0,0.0,0.2426709298320268,0,0.0
2985.0,56,81686.0,583.4714285714285,8.6082877886902,0,0.0,1.0,0,0.0
2990.0,56,81966.0,593.9565217391304,8.145108398393006,0,0.0,0.4391426594764242,0,0.0
2995.0,57,82250.0,579.2253521126761,8.74901941105194,0,0.0,0.3959108380506832,0,0.0
3000.0,56,82510.0,576.993006993007,8.94961203563091,0,3.0,0.41796488361539236,0,3.0
3005.0,58,82785.0,578.916083916084,8.619876277688054,0,0.0,1.0,0,0.0
3010.0,56,83058.0,589.063829787234,8.569135024033054,0,0.0,1.0,0,0.0
3015.0,56,83333.0,595.2357142857143,8.260632865134525,0,0.0,0.3424637891384158,0,0.0
3020.0,56,83608.0,597.2,8.075045063226714,0,9.0,0.26700735692704,0,9.0
3025.0,59,83889.0,599.2071428571429,7.842521287463509,0,8.0,0.4659159045863539,0,8.0
3030.0,60,84173.0,588.6223776223776,7.512803970915839,2,13.0,0.11835042858556237,2,13.0
3035.0,60,84468.0,586.5833333333334,7.987156727723399,2,22.0,0.12255809852291231,2,22.0
3040.0,59,84725.0,592.4825174825174,7.942003446705171,0,0.0,1.0,0,0.0
3045.0,59,85012.0,590.3611111111111,8.315008315887601,0,0.0,1.0,0,0.0
3050.0,59,85300.0,584.2465753424658,8.064434298497702,0,0.0,0.6580639639261209,0,0.0
3055.0,57,85562.0,590.0827586206897,8.59436674013062,1,4.0,0.3084117376359464,1,4.0
3060.0,60,85851.0,580.0743243243244,8.060788783846037,1,7.0,0.14384092400501478,1,7.0
3065.0,61,86133.0,581.9797297297297,7.776691220395473,1,7.0,0.30042679172391606,1,7.0
3070.0,62,86432.0,584.0,7.59386465384239,3,17.0,0.3108200792147599,3,17.0
3075.0,62,86719.0,574.2980132450331,7.1623062514792455,2,10.0,0.12329633935095438,2,10.0
3080.0,61,86938.0,571.9605263157895,7.9790682047196215,2,9.0,0.3256621216980779,2,9.0
3085.0,59,87227.0,577.6622516556291,9.069822801765524,2,19.0,0.0,2,19.0
3090.0,60,87523.0,579.6225165562914,8.908353068877076,2,29.0,0.22850770238594176,2,29.0
3095.0,60,87822.0,581.6026490066225,8.860135017781728,2,39.0,0.0,2,39.0
3100.0,58,88063.0,568.1483870967742,8.812385145434702,0,0.0,0.39006360862040956,0,0.0
3105.0,58,88351.0,577.4575163398692,8.597418179288391,1,3.0,0.38962817801554445,1,3.0
3110.0,61,88636.0,568.1794871794872,8.342974166681064,1,3.0,0.07618760162922218,1,3.0
3115.0,60,88933.0,562.867088607595,8.855024400337795,1,6.0,0.12007119397627865,1,6.0
3120.0,61,89237.0,561.2389937106918,8.835401087366435,1,11.0,0.4798864785501924,1,11.0
3125.0,63,89543.0,552.7345679012345,9.111317495058891,1,16.0,0.1642938191158291,1,16.0
3130.0,64,89852.0,544.5575757575757,8.961587387077854,2,26.0,0.2546756405920716,2,26.0
3135.0,62,90133.0,556.3765432098766,8.651372680548505,0,2.0,0.3225325745096974,0,2.0
3140.0,64,90447.0,565.29375,8.386073773359296,2,19.0,0.2853901649006983,2,19.0
3145.0,63,90746.0,570.7295597484276,8.127695418737401,2,20.0,0.03998754132594793,2,20.0
3150.0,63,91058.0,576.3164556962025,8.509109151232037,1,18.0,0.1724913060567479,1,18.0
3155.0,60,91136.0,559.1165644171779,9.060044651516828,1,11.0,0.22383366971952004,1,11.0
3160.0,62,91432.0,567.9006211180124,9.280610661376905,1,16.0,0.3183717247980769,1,16.0
3165.0,64,91736.0,569.7888198757764,8.710766008132484,1,21.0,0.007285400991992003,1,21.0
3170.0,64,92046.0,582.5696202531645,8.75424149423295,2,31.0,0.3188454799714168,2,31.0
3175.0,62,92302.0,584.1898734177215,8.591135419149165,1,1.0,0.2436312277966123,1,1.0
3180.0,63,92540.0,578.375,9.13253369658024,2,7.0,0.17385006728493815,2,7.0
3185.0,58,92813.0,580.08125,9.248788396386631,0,16.0,0.24767233765841298,0,16.0
3190.0,59,93105.0,581.90625,9.434169004195786,0,14.0,0.37541597064665894,0,14.0
3195.0,59,93400.0,583.75,9.129094749287395,0,0.0,0.27495479750747553,0,0.0
3200.0,64,93703.0,585.64375,7.998772688529632,0,76.0,0.4085050201424368,0,76.0
3205.0,64,94006.0,591.2327044025158,8.402103260483793,1,3.0,0.18016700606137245,1,3.0
3210.0,64,94314.0,585.8012422360248,8.830078980938637,1,1.0,0.24908888155831974,1,1.0
3215.0,65,94602.0,573.3454545454546,8.692280391836178,2,17.0,0.1901559135981547,2,17.0
3220.0,63,94903.0,568.2814371257485,9.110539989770855,1,19.0,0.072732883816944,1,19.0
3225.0,63,95201.0,566.672619047619,9.51802359543449,0,2.0,0.20131050734619801,0,2.0
3230.0,61,95493.0,571.814371257485,9.024664159443963,0,0.0,0.6637063923442671,0,0.0
3235.0,60,95761.0,566.6331360946746,9.04952908925662,0,0.0,1.0,0,0.0
3240.0,60,96061.0,571.7916666666666,8.75465488283204,0,3.0,0.7653465869907543,0,3.0
3245.0,61,96361.0,570.1834319526628,8.328846287838607,0,1.0,0.1940690474220296,0,1.0
3250.0,65,96670.0,568.6470588235294,8.725054243285902,2,6.0,0.13120744710874238,2,6.0
3255.0,64,96977.0,560.5606936416185,8.709251645154142,3,19.0,2.5368590320709533e-05,3,19.0
3260.0,62,97262.0,589.4666666666667,8.52575556393271,0,9.0,0.27802405420776255,0,9.0
3265.0,64,97571.0,577.3431952662722,8.786839494841368,2,7.0,0.015619094153554202,2,7.0
3270.0,65,97881.0,575.7705882352941,8.863173522602452,3,20.0,0.039581112748158745,3,20.0
3275.0,65,98195.0,574.2397660818714,8.605446091861875,1,20.0,0.215299168067442,1,20.0
3280.0,68,98524.0,576.1637426900585,7.964437754389537,2,17.0,0.1185719922904132,2,17.0
3285.0,61,98763.0,577.561403508772,8.357863629607005,1,3.0,0.05973944902447501,1,3.0
3290.0,64,99076.0,572.693641618497,8.460073317601552,4,16.0,0.14609479053665073,4,16.0
3295.0,66,99380.0,571.1494252873563,8.278841562890763,3,27.0,0.040013817538797326,3,27.0
3300.0,63,99674.0,566.3295454545455,8.34575544331454,1,24.0,0.16440785850302025,1,24.0
3305.0,67,99979.0,568.0625,7.909258898591628,3,32.0,0.07480402507180088,3,32.0
3310.0,67,100303.0,579.7861271676301,7.694421933957147,5,52.0,0.0006700854469682305,5,52.0
3315.0,67,100611.0,584.9476744186046,7.905293840178483,2,54.0,0.0592822212997973,2,54.0
3320.0,66,100908.0,583.2832369942197,8.065119644657507,0,37.0,0.1871126889515597,0,37.0
3325.0,65,101214.0,581.6896551724138,7.671881181310315,1,36.0,0.22284374966042386,1,36.0
3330.0,64,101498.0,583.3218390804598,7.931150196731381,2,47.0,0.07734188190849385,2,47.0
3335.0,68,101826.0,581.8628571428571,8.078589230842926,5,67.0,0.0020848362522607384,5,67.0
3340.0,70,102141.0,587.0172413793103,8.06312951297904,3,62.0,0.0666501099356912,3,62.0
3345.0,67,102427.0,592.0635838150289,8.802581009102655,1,55.0,0.1278843923602076,1,55.0
3350.0,67,102727.0,587.0114285714286,8.458486432367925,3,67.0,0.06655066632626605,3,67.0
3355.0,67,103051.0,578.938202247191,8.814151946891263,5,92.0,0.0025461384606501806,5,92.0
3360.0,68,103360.0,577.4301675977654,9.307671392342021,3,90.0,0.10718362542415104,3,90.0
3365.0,68,103658.0,599.179190751445,8.668752044922636,1,49.0,0.11801164573754255,1,49.0
3370.0,63,103944.0,611.435294117647,8.284755813360768,0,73.0,0.11872797049128124,0,73.0
3375.0,68,104261.0,613.3,7.5053803079521675,4,83.0,0.0018950214490477766,4,83.0
3380.0,69,104585.0,618.8461538461538,7.359260963259877,2,76.0,0.04782400921275922,2,76.0
3385.0,68,104900.0,624.4047619047619,7.47856052009168,0,52.0,0.1727637531812586,0,52.0
3390.0,67,105219.0,633.8493975903615,7.122462745204467,0,39.0,0.19241012668978355,0,39.0
3395.0,63,105507.0,628.0178571428571,7.871235351112812,0,21.0,0.32220825624389193,0,21.0
3400.0,62,105792.0,633.4850299401197,8.304071883682608,0,16.0,0.22354092249674506,0,16.0
3405.0,64,106104.0,643.0545454545454,8.63248367164746,0,5.0,0.3784220181669358,0,5.0
3410.0,65,106420.0,648.9024390243902,7.870639793585857,1,28.0,0.20736487701608625,1,28.0
3415.0,64,106699.0,650.6036585365854,8.553967762675557,2,33.0,0.1846338582795957,2,33.0
3420.0,64,107005.0,652.469512195122,8.49923535899196,2,15.0,0.1254314571006887,2,15.0
3425.0,68,107334.0,646.5903614457832,7.854133643583526,5,30.0,0.017245077252443817,5,30.0
3430.0,67,107640.0,656.3414634146342,7.997348165699555,3,34.0,0.09921845784524326,3,34.0
3435.0,64,107938.0,666.283950617284,7.26532439393305,0,19.0,0.13862622379469955,0,19.0
3440.0,67,108264.0,664.1963190184049,7.815771291962866,2,24.0,0.06124433999169132,2,24.0
3445.0,70,108609.0,666.3128834355829,7.9148342718221665,5,44.0,0.0019369318559270112,5,44.0
3450.0,73,108965.0,672.6234567901234,8.287515035066555,6,111.0,0.12459008534039699,6,111.0
3455.0,72,109283.0,691.6645569620254,7.572239278175857,4,102.0,0.008441271372387604,4,102.0
3460.0,68,109577.0,684.85625,8.030996221580688,1,100.0,0.12623160966778466,1,100.0
3465.0,70,109919.0,674.3496932515337,7.694118578028385,1,72.0,0.21645631308845065,1,72.0
3470.0,71,110254.0,680.5802469135803,8.257402112771532,1,17.0,0.13243479663209848,1,17.0
3475.0,76,110618.0,666.3734939759037,8.188588857618296,3,25.0,0.19182003678887055,3,25.0
3480.0,76,110972.0,672.5575757575757,7.910480853362827,4,42.0,0.0002483597277081207,4,42.0
3485.0,72,111285.0,674.4545454545455,7.637314297293352,1,33.0,0.19620882464675413,1,33.0
3490.0,72,111634.0,668.4670658682635,7.786717822400024,0,7.0,0.273853816381281,0,7.0
3495.0,72,111968.0,670.4670658682635,7.634185758106512,0,0.0,0.27424620762439755,0,0.0
3500.0,75,112337.0,676.7289156626506,7.12918562972998,0,16.0,0.5669152337295567,0,16.0
3505.0,75,112701.0,695.6851851851852,6.793656936471333,0,0.0,1.0,0,0.0
3510.0,74,113071.0,689.4573170731708,7.5351677500958605,0,0.0,1.0,0,0.0
3515.0,74,113432.0,687.4666666666667,7.993369395685165,0,0.0,1.0,0,0.0
3520.0,78,113810.0,693.9634146341464,7.9347197710601725,0,0.0,0.09143690525319846,0,0.0
3525.0,79,114199.0,687.9457831325301,7.4381167625251825,1,4.0,0.17847859142145597,1,4.0
3530.0,76,114566.0,686.0239520958083,8.13834876221589,1,9.0,0.0,1,9.0
3535.0,76,114946.0,680.1538461538462,8.021965538470754,1,14.0,0.0,1,14.0
3540.0,78,115328.0,682.4142011834319,7.783024161566131,1,19.0,0.4333295912197661,1,19.0
3545.0,77,115689.0,680.5235294117647,7.406417715830449,0,0.0,0.16968382566361856,0,0.0
3550.0,82,116085.0,674.9127906976744,7.5205977242505355,3,21.0,0.17502997983733434,3,21.0
3555.0,83,116500.0,665.7142857142857,7.529407959226189,3,24.0,0.026976919660147192,3,24.0
3560.0,84,116884.0,656.6516853932584,8.098765428923386,1,34.0,0.05804516922305014,1,34.0
3565.0,81,117273.0,658.8370786516854,7.576279015530435,0,13.0,0.2223006446086659,0,13.0
3570.0,83,117681.0,657.4357541899441,7.36137915058648,0,4.0,0.6293693412850415,0,4.0
3575.0,84,118045.0,659.4692737430167,6.882797120842202,2,8.0,0.22034107590935323,2,8.0
3580.0,87,118466.0,658.1444444444444,7.368026267715695,3,22.0,0.2038883327066356,3,22.0
3585.0,83,118854.0,663.9888268156425,7.319045468990385,1,25.0,0.05667094227900034,1,25.0
3590.0,85,119265.0,658.9226519337017,7.256724037690343,2,15.0,0.08713575982809192,2,15.0
3595.0,84,119671.0,661.1657458563536,7.107469518500514,1,17.0,0.2400525320428801,1,17.0
3600.0,89,120101.0,656.2896174863388,6.754314115756275,5,27.0,0.0009160863144610699,5,27.0
3605.0,86,120512.0,665.8121546961326,6.347157219906798,2,36.0,0.24698815366674595,2,36.0
3610.0,91,120936.0,683.2542372881356,6.468882012070854,1,13.0,0.16295571045739934,1,13.0
3615.0,94,121400.0,693.7142857142857,5.971447110101618,1,15.0,0.18973667811148362,1,15.0
3620.0,95,121873.0,700.419540229885,6.163585555173391,1,11.0,0.28788051844116475,1,11.0
3625.0,96,122337.0,719.6294117647059,5.770555924961317,1,5.0,0.04400400915564037,1,5.0
3630.0,96,122698.0,739.144578313253,5.5493179098714736,4,18.0,0.0005422315219556449,4,18.0
3635.0,92,123091.0,769.31875,4.938480751004232,2,24.0,0.1721309091996438,2,24.0
3640.0,89,123503.0,771.89375,5.6913037295766795,1,12.0,0.16414841464541394,1,12.0
3645.0,88,123942.0,779.5094339622641,5.621716191824727,1,7.0,0.0,1,7.0
3650.0,90,124387.0,792.2738853503184,5.66230419846529,1,12.0,0.0,1,12.0
3655.0,89,124831.0,815.8888888888889,5.398446200792658,1,17.0,0.0,1,17.0
3660.0,89,125276.0,846.4594594594595,5.3270979201564925,1,22.0,0.0,1,22.0
3665.0,90,125722.0,861.1095890410959,5.630086032389799,1,48.0,0.16779982655585263,1,48.0
3670.0,90,126170.0,876.1805555555555,5.955668268920199,1,35.0,0.3901694736090697,1,35.0
3675.0,90,126620.0,885.4545454545455,5.961878711790812,1,55.0,0.20000805372421995,1,55.0
3680.0,90,127029.0,934.0367647058823,5.242981197123393,1,10.0,0.35432637849645754,1,10.0
3685.0,91,127463.0,958.3684210526316,5.265128417067077,3,44.0,0.07387539102873279,3,44.0
3690.0,90,127900.0,991.4728682170543,4.772030668772916,2,51.0,0.052592809364254485,2,51.0
3695.0,88,128334.0,1010.503937007874,4.345360857428695,0,50.0,0.21028486331735033,0,50.0
3700.0,89,128779.0,1030.232,3.992638858300262,0,41.0,0.24798679080572905,0,41.0
3705.0,89,129224.0,1059.2131147540983,3.7973010265041176,0,21.0,0.35510330860083467,0,21.0
3710.0,89,129669.0,1062.860655737705,3.6534121049262933,0,3.0,0.23559144577742258,0,3.0
3715.0,89,130114.0,1093.3949579831933,3.020997457506922,0,0.0,1.0,0,0.0
3720.0,89,130559.0,1106.4322033898304,3.230203974116528,0,0.0,1.0,0,0.0
3725.0,89,131004.0,1139.1652173913044,2.733483050029283,0,0.0,1.0,0,0.0
3730.0,89,131449.0,1143.0347826086957,2.8045892413504974,0,0.0,1.0,0,0.0
3735.0,90,131895.0,1146.9130434782608,2.749559370108675,0,0.0,1.0,0,0.0
3740.0,90,132345.0,1171.1946902654868,2.547743876654228,0,0.0,1.0,0,0.0
3745.0,90,132795.0,1185.669642857143,2.294602363949007,0,0.0,1.0,0,0.0
3750.0,90,133245.0,1211.3181818181818,2.238972612723,0,0.0,1.0,0,0.0
3755.0,90,133695.0,1215.409090909091,2.3165555591845934,0,0.0,1.0,0,0.0
3760.0,90,134145.0,1253.6915887850466,2.046276057432172,0,0.0,1.0,0,0.0
3765.0,90,134595.0,1269.7641509433963,1.9716863966416749,0,0.0,1.0,0,0.0
3770.0,91,135046.0,1311.126213592233,1.4896742274987933,0,0.0,1.0,0,0.0
3775.0,91,135501.0,1328.4411764705883,1.2728665545637536,0,0.0,1.0,0,0.0
3780.0,91,135956.0,1416.2083333333333,0.6456684370461523,0,0.0,1.0,0,0.0
3785.0,91,136411.0,1420.9479166666667,0.9906456538856919,0,0.0,1.0,0,0.0
3790.0,91,136866.0,1456.0212765957447,0.6633741242386789,0,0.0,1.0,0,0.0
3795.0,91,137321.0,1460.8617021276596,0.6648099666279792,0,0.0,1.0,0,0.0
3800.0,91,137776.0,1465.7021276595744,0.6144726180215505,0,0.0,0.7967463754306493,0,0.0
3805.0,91,138231.0,1470.5425531914893,0.4657021047897627,0,0.0,1.0,0,0.0
3810.0,91,138686.0,1475.3829787234042,0.5140032429665999,0,0.0,1.0,0,0.0
3815.0,91,139141.0,1480.223404255319,0.30546587640486134,0,0.0,1.0,0,0.0
3820.0,91,139596.0,1485.063829787234,0.37602094536601965,0,0.0,1.0,0,0.0
3825.0,91,140051.0,1489.904255319149,0.314968536301073,0,0.0,1.0,0,0.0
3830.0,91,140506.0,1494.7446808510638,0.3688282536698859,0,0.0,1.0,0,0.0
3835.0,91,140961.0,1499.5851063829787,0.4654148790288774,0,0.0,1.0,0,0.0
3840.0,91,141416.0,1504.4255319148936,0.29952093077239533,0,0.0,1.0,0,0.0
3845.0,91,141871.0,1509.2659574468084,0.40062403079623204,0,0.0,1.0,0,0.0
3850.0,91,142326.0,1514.1063829787233,0.31642288985613626,0,0.0,1.0,0,0.0
3855.0,91,142781.0,1518.9468085106382,0.411393993193468,0,0.0,1.0,0,0.0
3860.0,91,143236.0,1523.787234042553,0.5255569483732092,0,0.0,1.0,0,0.0
3865.0,91,143691.0,1528.627659574468,0.43402486284712577,0,0.0,1.0,0,0.0
3870.0,91,144146.0,1533.468085106383,0.32762056559197916,0,0.0,1.0,0,0.0
3875.0,91,144601.0,1538.3085106382978,0.40718351179553697,0,0.0,1.0,0,0.0
3880.0,91,145056.0,1543.1489361702127,0.42001054065507243,0,0.0,1.0,0,0.0
3885.0,91,145511.0,1547.9893617021276,0.41760628982880194,0,0.0,1.0,0,0.0
3890.0,91,145966.0,1569.52688172043,0.2979255515855697,0,0.0,1.0,0,0.0
3895.0,91,146421.0,1574.4193548387098,0.3102169742366089,0,0.0,1.0,0,0.0
3900.0,91,146876.0,1579.3118279569892,0.3106390228481453,0,0.0,1.0,0,0.0
3905.0,91,147331.0,1584.2043010752689,0.30552573743546385,0,0.0,1.0,0,0.0
3910.0,91,147786.0,1589.0967741935483,0.3032096093331724,0,0.0,1.0,0,0.0
3915.0,91,148241.0,1611.3152173913043,0.14174129141803257,0,0.0,1.0,0,0.0
3920.0,91,148696.0,1616.2608695652175,0.14243900404610219,0,0.0,1.0,0,0.0
3925.0,91,149151.0,1621.2065217391305,0.13593109043623677,0,0.0,1.0,0,0.0
3930.0,91,149606.0,1644.021978021978,0.0,0,0.0,1.0,0,0.0
3935.0,91,150061.0,1649.021978021978,0.0,0,0.0,1.0,0,0.0
3940.0,91,150516.0,1654.021978021978,0.0,0,0.0,1.0,0,0.0
3945.0,91,150971.0,1659.021978021978,0.0,0,0.0,1.0,0,0.0
3950.0,91,151426.0,1664.021978021978,0.0,0,0.0,1.0,0,0.0
3955.0,91,151881.0,1669.021978021978,0.0,0,0.0,1.0,0,0.0
3960.0,91,152336.0,1674.021978021978,0.0,0,0.0,1.0,0,0.0
3965.0,91,152791.0,1679.021978021978,0.0,0,0.0,1.0,0,0.0
3970.0,91,153246.0,1684.021978021978,0.0,0,0.0,1.0,0,0.0
3975.0,91,153701.0,1689.021978021978,0.0,0,0.0,1.0,0,0.0
3980.0,91,154156.0,1694.021978021978,0.0,0,0.0,1.0,0,0.0
3985.0,91,154611.0,1699.021978021978,0.0,0,0.0,1.0,0,0.0
3990.0,91,155066.0,1704.021978021978,0.0,0,0.0,1.0,0,0.0
3995.0,91,155521.0,1709.021978021978,0.0,0,0.0,1.0,0,0.0
4000.0,91,155976.0,1714.021978021978,0.0,0,0.0,1.0,0,0.0
4005.0,91,156431.0,1719.021978021978,0.0,0,0.0,1.0,0,0.0
4010.0,91,156886.0,1724.021978021978,0.0,0,0.0,1.0,0,0.0
4015.0,91,157341.0,1729.021978021978,0.0,0,0.0,1.0,0,0.0
4020.0,91,157796.0,1734.021978021978,0.0,0,0.0,1.0,0,0.0
4025.0,91,158251.0,1739.021978021978,0.0,0,0.0,1.0,0,0.0
4030.0,91,158706.0,1744.021978021978,0.0,0,0.0,1.0,0,0.0
4035.0,91,159161.0,1749.021978021978,0.0,0,0.0,1.0,0,0.0
4040.0,91,159616.0,1754.021978021978,0.0,0,0.0,1.0,0,0.0
4045.0,91,160071.0,1759.021978021978,0.0,0,0.0,1.0,0,0.0
4050.0,91,160526.0,1764.021978021978,0.0,0,0.0,1.0,0,0.0
4055.0,91,160981.0,1769.021978021978,0.0,0,0.0,1.0,0,0.0
4060.0,91,161436.0,1774.021978021978,0.0,0,0.0,1.0,0,0.0
4065.0,91,161891.0,1779.021978021978,0.0,0,0.0,1.0,0,0.0
4070.0,91,162346.0,1784.021978021978,0.0,0,0.0,1.0,0,0.0
4075.0,91,162801.0,1789.021978021978,0.0,0,0.0,1.0,0,0.0
4080.0,91,163256.0,1794.021978021978,0.0,0,0.0,1.0,0,0.0
4085.0,91,163711.0,1799.021978021978,0.0,0,0.0,1.0,0,0.0
4090.0,91,164166.0,1804.021978021978,0.0,0,0.0,1.0,0,0.0
4095.0,91,164621.0,1809.021978021978,0.0,0,0.0,1.0,0,0.0
4100.0,91,165076.0,1814.021978021978,0.0,0,0.0,1.0,0,0.0
4105.0,91,165531.0,1819.021978021978,0.0,0,0.0,1.0,0,0.0
4110.0,91,165986.0,1824.021978021978,0.0,0,0.0,1.0,0,0.0
4115.0,91,166441.0,1829.021978021978,0.0,0,0.0,1.0,0,0.0
4120.0,91,166896.0,1834.021978021978,0.0,0,0.0,1.0,0,0.0
4125.0,91,167351.0,1839.021978021978,0.0,0,0.0,1.0,0,0.0
4130.0,91,167806.0,1844.021978021978,0.0,0,0.0,1.0,0,0.0
4135.0,91,168261.0,1849.021978021978,0.0,0,0.0,1.0,0,0.0
4140.0,91,168716.0,1854.021978021978,0.0,0,0.0,1.0,0,0.0
4145.0,91,169171.0,1859.021978021978,0.0,0,0.0,1.0,0,0.0
4150.0,91,169626.0,1864.021978021978,0.0,0,0.0,1.0,0,0.0
4155.0,91,170081.0,1869.021978021978,0.0,0,0.0,1.0,0,0.0
4160.0,91,170536.0,1874.021978021978,0.0,0,0.0,1.0,0,0.0
4165.0,91,170991.0,1879.021978021978,0.0,0,0.0,1.0,0,0.0
4170.0,91,171446.0,1884.021978021978,0.0,0,0.0,1.0,0,0.0
4175.0,91,171901.0,1889.021978021978,0.0,0,0.0,1.0,0,0.0
4180.0,91,172356.0,1894.021978021978,0.0,0,0.0,1.0,0,0.0
4185.0,91,172811.0,1899.021978021978,0.0,0,0.0,1.0,0,0.0
4190.0,91,173266.0,1904.021978021978,0.0,0,0.0,1.0,0,0.0
4195.0,91,173721.0,1909.021978021978,0.0,0,0.0,1.0,0,0.0
4200.0,91,174176.0,1914.021978021978,0.0,0,0.0,1.0,0,0.0
4205.0,91,174631.0,1919.021978021978,0.0,0,0.0,1.0,0,0.0
4210.0,91,175086.0,1924.021978021978,0.0,0,0.0,1.0,0,0.0
4215.0,91,175541.0,1929.021978021978,0.0,0,0.0,1.0,0,0.0
4220.0,91,175996.0,1934.021978021978,0.0,0,0.0,1.0,0,0.0
4225.0,91,176451.0,1939.021978021978,0.0,0,0.0,1.0,0,0.0
4230.0,91,176906.0,1944.021978021978,0.0,0,0.0,1.0,0,0.0
4235.0,91,177361.0,1949.021978021978,0.0,0,0.0,1.0,0,0.0
4240.0,91,177816.0,1954.021978021978,0.0,0,0.0,1.0,0,0.0
4245.0,91,178271.0,1959.021978021978,0.0,0,0.0,1.0,0,0.0
4250.0,91,178726.0,1964.021978021978,0.0,0,0.0,1.0,0,0.0
4255.0,91,179181.0,1969.021978021978,0.0,0,0.0,1.0,0,0.0
4260.0,91,179636.0,1974.021978021978,0.0,0,0.0,1.0,0,0.0
4265.0,91,180091.0,1979.021978021978,0.0,0,0.0,1.0,0,0.0
4270.0,91,180546.0,1984.021978021978,0.0,0,0.0,1.0,0,0.0
4275.0,91,181001.0,1989.021978021978,0.0,0,0.0,1.0,0,0.0
4280.0,91,181456.0,1994.021978021978,0.0,0,0.0,1.0,0,0.0
4285.0,91,181911.0,1999.021978021978,0.0,0,0.0,1.0,0,0.0
4290.0,91,182366.0,2004.021978021978,0.0,0,0.0,1.0,0,0.0
4295.0,91,182821.0,2009.021978021978,0.0,0,0.0,1.0,0,0.0
4300.0,91,183276.0,2014.021978021978,0.0,0,0.0,1.0,0,0.0
4305.0,91,183731.0,2019.021978021978,0.0,0,0.0,1.0,0,0.0
4310.0,91,184186.0,2024.021978021978,0.0,0,0.0,1.0,0,0.0
4315.0,91,184641.0,2029.021978021978,0.0,0,0.0,1.0,0,0.0
4320.0,91,185096.0,2034.021978021978,0.0,0,0.0,1.0,0,0.0
4325.0,91,185551.0,2039.021978021978,0.0,0,0.0,1.0,0,0.0
4330.0,91,186006.0,2044.021978021978,0.0,0,0.0,1.0,0,0.0
4335.0,91,186461.0,2049.021978021978,0.0,0,0.0,1.0,0,0.0
4340.0,91,186916.0,2054.021978021978,0.0,0,0.0,1.0,0,0.0
4345.0,91,187371.0,2059.021978021978,0.0,0,0.0,1.0,0,0.0
4350.0,91,187826.0,2064.021978021978,0.0,0,0.0,1.0,0,0.0
4355.0,91,188281.0,2069.021978021978,0.0,0,0.0,1.0,0,0.0
4360.0,91,188736.0,2074.021978021978,0.0,0,0.0,1.0,0,0.0
4365.0,91,189191.0,2079.021978021978,0.0,0,0.0,1.0,0,0.0
4370.0,91,189646.0,2084.021978021978,0.0,0,0.0,1.0,0,0.0
4375.0,91,190101.0,2089.021978021978,0.0,0,0.0,1.0,0,0.0
4380.0,91,190556.0,2094.021978021978,0.0,0,0.0,1.0,0,0.0
4385.0,91,191011.0,2099.021978021978,0.0,0,0.0,1.0,0,0.0
4390.0,91,191466.0,2104.021978021978,0.0,0,0.0,1.0,0,0.0
4395.0,91,191921.0,2109.021978021978,0.0,0,0.0,1.0,0,0.0
4400.0,91,192376.0,2114.021978021978,0.0,0,0.0,1.0,0,0.0
4405.0,91,192831.0,2119.021978021978,0.0,0,0.0,1.0,0,0.0
4410.0,91,193286.0,2124.021978021978,0.0,0,0.0,1.0,0,0.0
4415.0,91,193741.0,2129.021978021978,0.0,0,0.0,1.0,0,0.0
4420.0,91,194196.0,2134.021978021978,0.0,0,0.0,1.0,0,0.0
4425.0,91,194651.0,2139.021978021978,0.0,0,0.0,1.0,0,0.0
4430.0,91,195106.0,2144.021978021978,0.0,0,0.0,1.0,0,0.0
4435.0,91,195561.0,2149.021978021978,0.0,0,0.0,1.0,0,0.0
4440.0,91,196016.0,2154.021978021978,0.0,0,0.0,1.0,0,0.0
4445.0,91,196471.0,2159.021978021978,0.0,0,0.0,1.0,0,0.0
4450.0,91,196926.0,2164.021978021978,0.0,0,0.0,1.0,0,0.0
4455.0,91,197381.0,2169.021978021978,0.0,0,0.0,1.0,0,0.0
4460.0,91,197836.0,2174.021978021978,0.0,0,0.0,1.0,0,0.0
4465.0,91,198291.0,2179.021978021978,0.0,0,0.0,1.0,0,0.0
4470.0,91,198746.0,2184.021978021978,0.0,0,0.0,1.0,0,0.0
4475.0,91,199201.0,2189.021978021978,0.0,0,0.0,1.0,0,0.0
4480.0,91,199656.0,2194.021978021978,0.0,0,0.0,1.0,0,0.0
4485.0,91,200111.0,2199.021978021978,0.0,0,0.0,1.0,0,0.0
4490.0,91,200566.0,2204.021978021978,0.0,0,0.0,1.0,0,0.0
4495.0,91,201021.0,2209.021978021978,0.0,0,0.0,1.0,0,0.0
4500.0,91,201476.0,2214.021978021978,0.0,0,0.0,1.0,0,0.0
4505.0,91,201931.0,2219.021978021978,0.0,0,0.0,1.0,0,0.0
4510.0,91,202386.0,2224.021978021978,0.0,0,0.0,1.0,0,0.0
4515.0,91,202841.0,2229.021978021978,0.0,0,0.0,1.0,0,0.0
4520.0,91,203296.0,2234.021978021978,0.0,0,0.0,1.0,0,0.0
4525.0,91,203751.0,2239.021978021978,0.0,0,0.0,1.0,0,0.0
4530.0,91,204206.0,2244.021978021978,0.0,0,0.0,1.0,0,0.0
4535.0,91,204661.0,2249.021978021978,0.0,0,0.0,1.0,0,0.0
4540.0,91,205116.0,2254.021978021978,0.0,0,0.0,1.0,0,0.0
4545.0,91,205571.0,2259.021978021978,0.0,0,0.0,1.0,0,0.0
4550.0,91,206026.0,2264.021978021978,0.0,0,0.0,1.0,0,0.0
4555.0,91,206481.0,2269.021978021978,0.0,0,0.0,1.0,0,0.0
4560.0,91,206936.0,2274.021978021978,0.0,0,0.0,1.0,0,0.0
4565.0,91,207391.0,2279.021978021978,0.0,0,0.0,1.0,0,0.0
4570.0,91,207846.0,2284.021978021978,0.0,0,0.0,1.0,0,0.0
4575.0,91,208301.0,2289.021978021978,0.0,0,0.0,1.0,0,0.0
4580.0,91,208756.0,2294.021978021978,0.0,0,0.0,1.0,0,0.0
4585.0,91,209211.0,2299.021978021978,0.0,0,0.0,1.0,0,0.0
4590.0,91,209666.0,2304.021978021978,0.0,0,0.0,1.0,0,0.0
4595.0,91,210121.0,2309.021978021978,0.0,0,0.0,1.0,0,0.0
4600.0,91,210576.0,2314.021978021978,0.0,0,0.0,1.0,0,0.0
4605.0,91,211031.0,2319.021978021978,0.0,0,0.0,1.0,0,0.0
4610.0,91,211486.0,2324.021978021978,0.0,0,0.0,1.0,0,0.0
4615.0,91,211941.0,2329.021978021978,0.0,0,0.0,1.0,0,0.0
4620.0,91,212396.0,2334.021978021978,0.0,0,0.0,1.0,0,0.0
4625.0,91,212851.0,2339.021978021978,0.0,0,0.0,1.0,0,0.0
4630.0,91,213306.0,2344.021978021978,0.0,0,0.0,1.0,0,0.0
4635.0,91,213761.0,2349.021978021978,0.0,0,0.0,1.0,0,0.0
4640.0,91,214216.0,2354.021978021978,0.0,0,0.0,1.0,0,0.0
4645.0,91,214671.0,2359.021978021978,0.0,0,0.0,1.0,0,0.0
4650.0,91,215126.0,2364.021978021978,0.0,0,0.0,1.0,0,0.0
4655.0,91,215581.0,2369.021978021978,0.0,0,0.0,1.0,0,0.0
4660.0,91,216036.0,2374.021978021978,0.0,0,0.0,1.0,0,0.0
4665.0,91,216491.0,2379.021978021978,0.0,0,0.0,1.0,0,0.0
4670.0,91,216946.0,2384.021978021978,0.0,0,0.0,1.0,0,0.0
4675.0,91,217401.0,2389.021978021978,0.0,0,0.0,1.0,0,0.0
4680.0,91,217856.0,2394.021978021978,0.0,0,0.0,1.0,0,0.0
4685.0,91,218311.0,2399.021978021978,0.0,0,0.0,1.0,0,0.0
4690.0,91,218766.0,2404.021978021978,0.0,0,0.0,1.0,0,0.0
4695.0,91,219221.0,2409.021978021978,0.0,0,0.0,1.0,0,0.0
4700.0,91,219676.0,2414.021978021978,0.0,0,0.0,1.0,0,0.0
4705.0,91,220131.0,2419.021978021978,0.0,0,0.0,1.0,0,0.0
4710.0,91,220586.0,2424.021978021978,0.0,0,0.0,1.0,0,0.0
4715.0,91,221041.0,2429.021978021978,0.0,0,0.0,1.0,0,0.0
4720.0,91,221496.0,2434.021978021978,0.0,0,0.0,1.0,0,0.0
4725.0,91,221951.0,2439.021978021978,0.0,0,0.0,1.0,0,0.0
4730.0,91,222406.0,2444.021978021978,0.0,0,0.0,1.0,0,0.0
4735.0,91,222861.0,2449.021978021978,0.0,0,0.0,1.0,0,0.0
4740.0,91,223316.0,2454.021978021978,0.0,0,0.0,1.0,0,0.0
4745.0,91,223771.0,2459.021978021978,0.0,0,0.0,1.0,0,0.0
4750.0,91,224226.0,2464.021978021978,0.0,0,0.0,1.0,0,0.0
4755.0,91,224681.0,2469.021978021978,0.0,0,0.0,1.0,0,0.0
4760.0,91,225136.0,2474.021978021978,0.0,0,0.0,1.0,0,0.0
4765.0,91,225591.0,2479.021978021978,0.0,0,0.0,1.0,0,0.0
4770.0,91,226046.0,2484.021978021978,0.0,0,0.0,1.0,0,0.0
4775.0,91,226501.0,2489.021978021978,0.0,0,0.0,1.0,0,0.0
4780.0,91,226956.0,2494.021978021978,0.0,0,0.0,1.0,0,0.0
4785.0,91,227411.0,2499.021978021978,0.0,0,0.0,1.0,0,0.0
4790.0,91,227866.0,2504.021978021978,0.0,0,0.0,1.0,0,0.0
4795.0,91,228321.0,2509.021978021978,0.0,0,0.0,1.0,0,0.0
4800.0,91,228776.0,2514.021978021978,0.0,0,0.0,1.0,0,0.0
4805.0,91,229231.0,2519.021978021978,0.0,0,0.0,1.0,0,0.0
4810.0,91,229686.0,2524.021978021978,0.0,0,0.0,1.0,0,0.0
4815.0,91,230141.0,2529.021978021978,0.0,0,0.0,1.0,0,0.0
4820.0,91,230596.0,2534.021978021978,0.0,0,0.0,1.0,0,0.0
4825.0,91,231051.0,2539.021978021978,0.0,0,0.0,1.0,0,0.0
4830.0,91,231506.0,2544.021978021978,0.0,0,0.0,1.0,0,0.0
4835.0,91,231961.0,2549.021978021978,0.0,0,0.0,1.0,0,0.0
4840.0,91,232416.0,2554.021978021978,0.0,0,0.0,1.0,0,0.0
4845.0,91,232871.0,2559.021978021978,0.0,0,0.0,1.0,0,0.0
4850.0,91,233326.0,2564.021978021978,0.0,0,0.0,1.0,0,0.0
4855.0,91,233781.0,2569.021978021978,0.0,0,0.0,1.0,0,0.0
4860.0,91,234236.0,2574.021978021978,0.0,0,0.0,1.0,0,0.0
4865.0,91,234691.0,2579.021978021978,0.0,0,0.0,1.0,0,0.0
4870.0,91,235146.0,2584.021978021978,0.0,0,0.0,1.0,0,0.0
4875.0,91,235601.0,2589.021978021978,0.0,0,0.0,1.0,0,0.0
4880.0,91,236056.0,2594.021978021978,0.0,0,0.0,1.0,0,0.0
4885.0,91,236511.0,2599.021978021978,0.0,0,0.0,1.0,0,0.0
4890.0,91,236966.0,2604.021978021978,0.0,0,0.0,1.0,0,0.0
4895.0,91,237421.0,2609.021978021978,0.0,0,0.0,1.0,0,0.0
4900.0,91,237876.0,2614.021978021978,0.0,0,0.0,1.0,0,0.0
4905.0,91,238331.0,2619.021978021978,0.0,0,0.0,1.0,0,0.0
4910.0,91,238786.0,2624.021978021978,0.0,0,0.0,1.0,0,0.0
4915.0,91,239241.0,2629.021978021978,0.0,0,0.0,1.0,0,0.0
4920.0,91,239696.0,2634.021978021978,0.0,0,0.0,1.0,0,0.0
4925.0,91,240151.0,2639.021978021978,0.0,0,0.0,1.0,0,0.0
4930.0,91,240606.0,2644.021978021978,0.0,0,0.0,1.0,0,0.0
4935.0,91,241061.0,2649.021978021978,0.0,0,0.0,1.0,0,0.0
4940.0,91,241516.0,2654.021978021978,0.0,0,0.0,1.0,0,0.0
4945.0,91,241971.0,2659.021978021978,0.0,0,0.0,1.0,0,0.0
4950.0,91,242426.0,2664.021978021978,0.0,0,0.0,1.0,0,0.0
4955.0,91,242881.0,2669.021978021978,0.0,0,0.0,1.0,0,0.0
4960.0,91,243336.0,2674.021978021978,0.0,0,0.0,1.0,0,0.0
4965.0,91,243791.0,2679.021978021978,0.0,0,0.0,1.0,0,0.0
4970.0,91,244246.0,2684.021978021978,0.0,0,0.0,1.0,0,0.0
4975.0,91,244701.0,2689.021978021978,0.0,0,0.0,1.0,0,0.0
4980.0,91,245156.0,2694.021978021978,0.0,0,0.0,1.0,0,0.0
4985.0,91,245611.0,2699.021978021978,0.0,0,0.0,1.0,0,0.0
4990.0,91,246066.0,2704.021978021978,0.0,0,0.0,1.0,0,0.0
4995.0,91,246521.0,2709.021978021978,0.0,0,0.0,1.0,0,0.0
5000.0,91,246976.0,2714.021978021978,0.0,0,0.0,1.0,0,0.0
5005.0,91,247431.0,2719.021978021978,0.0,0,0.0,1.0,0,0.0
5010.0,91,247886.0,2724.021978021978,0.0,0,0.0,1.0,0,0.0
5015.0,91,248341.0,2729.021978021978,0.0,0,0.0,1.0,0,0.0
5020.0,91,248796.0,2734.021978021978,0.0,0,0.0,1.0,0,0.0
5025.0,91,249251.0,2739.021978021978,0.0,0,0.0,1.0,0,0.0
5030.0,91,249706.0,2744.021978021978,0.0,0,0.0,1.0,0,0.0
5035.0,91,250161.0,2749.021978021978,0.0,0,0.0,1.0,0,0.0
5040.0,91,250616.0,2754.021978021978,0.0,0,0.0,1.0,0,0.0
5045.0,91,251071.0,2759.021978021978,0.0,0,0.0,1.0,0,0.0
5050.0,91,251526.0,2764.021978021978,0.0,0,0.0,1.0,0,0.0
5055.0,91,251981.0,2769.021978021978,0.0,0,0.0,1.0,0,0.0
5060.0,91,252436.0,2774.021978021978,0.0,0,0.0,1.0,0,0.0
5065.0,91,252891.0,2779.021978021978,0.0,0,0.0,1.0,0,0.0
5070.0,91,253346.0,2784.021978021978,0.0,0,0.0,1.0,0,0.0
5075.0,91,253801.0,2789.021978021978,0.0,0,0.0,1.0,0,0.0
5080.0,91,254256.0,2794.021978021978,0.0,0,0.0,1.0,0,0.0
5085.0,91,254711.0,2799.021978021978,0.0,0,0.0,1.0,0,0.0
5090.0,91,255166.0,2804.021978021978,0.0,0,0.0,1.0,0,0.0
5095.0,91,255621.0,2809.021978021978,0.0,0,0.0,1.0,0,0.0
5100.0,91,256076.0,2814.021978021978,0.0,0,0.0,1.0,0,0.0
5105.0,91,256531.0,2819.021978021978,0.0,0,0.0,1.0,0,0.0
5110.0,91,256986.0,2824.021978021978,0.0,0,0.0,1.0,0,0.0
5115.0,91,257441.0,2829.021978021978,0.0,0,0.0,1.0,0,0.0
5120.0,91,257896.0,2834.021978021978,0.0,0,0.0,1.0,0,0.0
5125.0,91,258351.0,2839.021978021978,0.0,0,0.0,1.0,0,0.0
5130.0,91,258806.0,2844.021978021978,0.0,0,0.0,1.0,0,0.0
5135.0,91,259261.0,2849.021978021978,0.0,0,0.0,1.0,0,0.0
5140.0,91,259716.0,2854.021978021978,0.0,0,0.0,1.0,0,0.0
5145.0,91,260171.0,2859.021978021978,0.0,0,0.0,1.0,0,0.0
5150.0,91,260626.0,2864.021978021978,0.0,0,0.0,1.0,0,0.0
5155.0,91,261081.0,2869.021978021978,0.0,0,0.0,1.0,0,0.0
5160.0,91,261536.0,2874.021978021978,0.0,0,0.0,1.0,0,0.0
5165.0,91,261991.0,2879.021978021978,0.0,0,0.0,1.0,0,0.0
5170.0,91,262446.0,2884.021978021978,0.0,0,0.0,1.0,0,0.0
5175.0,91,262901.0,2889.021978021978,0.0,0,0.0,1.0,0,0.0
5180.0,91,263356.0,2894.021978021978,0.0,0,0.0,1.0,0,0.0
5185.0,91,263811.0,2899.021978021978,0.0,0,0.0,1.0,0,0.0
5190.0,91,264266.0,2904.021978021978,0.0,0,0.0,1.0,0,0.0
5195.0,91,264721.0,2909.021978021978,0.0,0,0.0,1.0,0,0.0
5200.0,91,265176.0,2914.021978021978,0.0,0,0.0,1.0,0,0.0
5205.0,91,265631.0,2919.021978021978,0.0,0,0.0,1.0,0,0.0
5210.0,91,266086.0,2924.021978021978,0.0,0,0.0,1.0,0,0.0
5215.0,91,266541.0,2929.021978021978,0.0,0,0.0,1.0,0,0.0
5220.0,91,266996.0,2934.021978021978,0.0,0,0.0,1.0,0,0.0
5225.0,91,267451.0,2939.021978021978,0.0,0,0.0,1.0,0,0.0
5230.0,91,267906.0,2944.021978021978,0.0,0,0.0,1.0,0,0.0
5235.0,91,268361.0,2949.021978021978,0.0,0,0.0,1.0,0,0.0
5240.0,91,268816.0,2954.021978021978,0.0,0,0.0,1.0,0,0.0
5245.0,91,269271.0,2959.021978021978,0.0,0,0.0,1.0,0,0.0
5250.0,91,269726.0,2964.021978021978,0.0,0,0.0,1.0,0,0.0
5255.0,91,270181.0,2969.021978021978,0.0,0,0.0,1.0,0,0.0
5260.0,91,270636.0,2974.021978021978,0.0,0,0.0,1.0,0,0.0
5265.0,91,271091.0,2979.021978021978,0.0,0,0.0,1.0,0,0.0
5270.0,91,271546.0,2984.021978021978,0.0,0,0.0,1.0,0,0.0
5275.0,91,272001.0,2989.021978021978,0.0,0,0.0,1.0,0,0.0
5280.0,91,272456.0,2994.021978021978,0.0,0,0.0,1.0,0,0.0
5285.0,91,272911.0,2999.021978021978,0.0,0,0.0,1.0,0,0.0
5290.0,91,273366.0,3004.021978021978,0.0,0,0.0,1.0,0,0.0
5295.0,91,273821.0,3009.021978021978,0.0,0,0.0,1.0,0,0.0
5300.0,91,274276.0,3014.021978021978,0.0,0,0.0,1.0,0,0.0
5305.0,91,274731.0,3019.021978021978,0.0,0,0.0,1.0,0,0.0
5310.0,91,275186.0,3024.021978021978,0.0,0,0.0,1.0,0,0.0
5315.0,91,275641.0,3029.021978021978,0.0,0,0.0,1.0,0,0.0
5320.0,91,276096.0,3034.021978021978,0.0,0,0.0,1.0,0,0.0
5325.0,91,276551.0,3039.021978021978,0.0,0,0.0,1.0,0,0.0
5330.0,91,277006.0,3044.021978021978,0.0,0,0.0,1.0,0,0.0
5335.0,91,277461.0,3049.021978021978,0.0,0,0.0,1.0,0,0.0
5340.0,91,277916.0,3054.021978021978,0.0,0,0.0,1.0,0,0.0
5345.0,91,278371.0,3059.021978021978,0.0,0,0.0,1.0,0,0.0
5350.0,91,278826.0,3064.021978021978,0.0,0,0.0,1.0,0,0.0
5355.0,91,279281.0,3069.021978021978,0.0,0,0.0,1.0,0,0.0
5360.0,91,279736.0,3074.021978021978,0.0,0,0.0,1.0,0,0.0
5365.0,91,280191.0,3079.021978021978,0.0,0,0.0,1.0,0,0.0
5370.0,91,280646.0,3084.021978021978,0.0,0,0.0,1.0,0,0.0
5375.0,91,281101.0,3089.021978021978,0.0,0,0.0,1.0,0,0.0
5380.0,91,281556.0,3094.021978021978,0.0,0,0.0,1.0,0,0.0
5385.0,91,282011.0,3099.021978021978,0.0,0,0.0,1.0,0,0.0
5390.0,91,282466.0,3104.021978021978,0.0,0,0.0,1.0,0,0.0
5395.0,91,282921.0,3109.021978021978,0.0,0,0.0,1.0,0,0.0
5400.0,91,283376.0,3114.021978021978,0.0,0,0.0,1.0,0,0.0
5405.0,91,283831.0,3119.021978021978,0.0,0,0.0,1.0,0,0.0
5410.0,91,284286.0,3124.021978021978,0.0,0,0.0,1.0,0,0.0
5415.0,91,284741.0,3129.021978021978,0.0,0,0.0,1.0,0,0.0
5420.0,91,285196.0,3134.021978021978,0.0,0,0.0,1.0,0,0.0
5425.0,91,285651.0,3139.021978021978,0.0,0,0.0,1.0,0,0.0
5430.0,91,286106.0,3144.021978021978,0.0,0,0.0,1.0,0,0.0
5435.0,91,286561.0,3149.021978021978,0.0,0,0.0,1.0,0,0.0
5440.0,91,287016.0,3154.021978021978,0.0,0,0.0,1.0,0,0.0
5445.0,91,287471.0,3159.021978021978,0.0,0,0.0,1.0,0,0.0
5450.0,91,287926.0,3164.021978021978,0.0,0,0.0,1.0,0,0.0
5455.0,91,288381.0,3169.021978021978,0.0,0,0.0,1.0,0,0.0
5460.0,91,288836.0,3174.021978021978,0.0,0,0.0,1.0,0,0.0
5465.0,91,289291.0,3179.021978021978,0.0,0,0.0,1.0,0,0.0
5470.0,91,289746.0,3184.021978021978,0.0,0,0.0,1.0,0,0.0
5475.0,91,290201.0,3189.021978021978,0.0,0,0.0,1.0,0,0.0
5480.0,91,290656.0,3194.021978021978,0.0,0,0.0,1.0,0,0.0
5485.0,91,291111.0,3199.021978021978,0.0,0,0.0,1.0,0,0.0
5490.0,91,291566.0,3204.021978021978,0.0,0,0.0,1.0,0,0.0
5495.0,91,292021.0,3209.021978021978,0.0,0,0.0,1.0,0,0.0
5500.0,91,292476.0,3214.021978021978,0.0,0,0.0,1.0,0,0.0
5505.0,91,292931.0,3219.021978021978,0.0,0,0.0,1.0,0,0.0
5510.0,91,293386.0,3224.021978021978,0.0,0,0.0,1.0,0,0.0
5515.0,91,293841.0,3229.021978021978,0.0,0,0.0,1.0,0,0.0
5520.0,91,294296.0,3234.021978021978,0.0,0,0.0,1.0,0,0.0
5525.0,91,294751.0,3239.021978021978,0.0,0,0.0,1.0,0,0.0
5530.0,91,295206.0,3244.021978021978,0.0,0,0.0,1.0,0,0.0
5535.0,91,295661.0,3249.021978021978,0.0,0,0.0,1.0,0,0.0
5540.0,91,296116.0,3254.021978021978,0.0,0,0.0,1.0,0,0.0
5545.0,91,296571.0,3259.021978021978,0.0,0,0.0,1.0,0,0.0
5550.0,91,297026.0,3264.021978021978,0.0,0,0.0,1.0,0,0.0
5555.0,91,297481.0,3269.021978021978,0.0,0,0.0,1.0,0,0.0
5560.0,91,297936.0,3274.021978021978,0.0,0,0.0,1.0,0,0.0
5565.0,91,298391.0,3279.021978021978,0.0,0,0.0,1.0,0,0.0
5570.0,91,298846.0,3284.021978021978,0.0,0,0.0,1.0,0,0.0
5575.0,91,299301.0,3289.021978021978,0.0,0,0.0,1.0,0,0.0
5580.0,91,299756.0,3294.021978021978,0.0,0,0.0,1.0,0,0.0
5585.0,91,300211.0,3299.021978021978,0.0,0,0.0,1.0,0,0.0
5590.0,91,300666.0,3304.021978021978,0.0,0,0.0,1.0,0,0.0
5595.0,91,301121.0,3309.021978021978,0.0,0,0.0,1.0,0,0.0
5600.0,91,301576.0,3314.021978021978,0.0,0,0.0,1.0,0,0.0
5605.0,91,302031.0,3319.021978021978,0.0,0,0.0,1.0,0,0.0
5610.0,91,302486.0,3324.021978021978,0.0,0,0.0,1.0,0,0.0
5615.0,91,302941.0,3329.021978021978,0.0,0,0.0,1.0,0,0.0
5620.0,91,303396.0,3334.021978021978,0.0,0,0.0,1.0,0,0.0
5625.0,91,303851.0,3339.021978021978,0.0,0,0.0,1.0,0,0.0
5630.0,91,304306.0,3344.021978021978,0.0,0,0.0,1.0,0,0.0
5635.0,91,304761.0,3349.021978021978,0.0,0,0.0,1.0,0,0.0
5640.0,91,305216.0,3354.021978021978,0.0,0,0.0,1.0,0,0.0
5645.0,91,305671.0,3359.021978021978,0.0,0,0.0,1.0,0,0.0
5650.0,91,306126.0,3364.021978021978,0.0,0,0.0,1.0,0,0.0
5655.0,91,306581.0,3369.021978021978,0.0,0,0.0,1.0,0,0.0
5660.0,91,307036.0,3374.021978021978,0.0,0,0.0,1.0,0,0.0
5665.0,91,307491.0,3379.021978021978,0.0,0,0.0,1.0,0,0.0
5670.0,91,307946.0,3384.021978021978,0.0,0,0.0,1.0,0,0.0
5675.0,91,308401.0,3389.021978021978,0.0,0,0.0,1.0,0,0.0
5680.0,91,308856.0,3394.021978021978,0.0,0,0.0,1.0,0,0.0
5685.0,91,309311.0,3399.021978021978,0.0,0,0.0,1.0,0,0.0
5690.0,91,309766.0,3404.021978021978,0.0,0,0.0,1.0,0,0.0
5695.0,91,310221.0,3409.021978021978,0.0,0,0.0,1.0,0,0.0
5700.0,91,310676.0,3414.021978021978,0.0,0,0.0,1.0,0,0.0
5705.0,91,311131.0,3419.021978021978,0.0,0,0.0,1.0,0,0.0
5710.0,91,311586.0,3424.021978021978,0.0,0,0.0,1.0,0,0.0
5715.0,91,312041.0,3429.021978021978,0.0,0,0.0,1.0,0,0.0
5720.0,91,312496.0,3434.021978021978,0.0,0,0.0,1.0,0,0.0
5725.0,91,312951.0,3439.021978021978,0.0,0,0.0,1.0,0,0.0
5730.0,91,313406.0,3444.021978021978,0.0,0,0.0,1.0,0,0.0
5735.0,91,313861.0,3449.021978021978,0.0,0,0.0,1.0,0,0.0
5740.0,91,314316.0,3454.021978021978,0.0,0,0.0,1.0,0,0.0
5745.0,91,314771.0,3459.021978021978,0.0,0,0.0,1.0,0,0.0
5750.0,91,315226.0,3464.021978021978,0.0,0,0.0,1.0,0,0.0
5755.0,91,315681.0,3469.021978021978,0.0,0,0.0,1.0,0,0.0
5760.0,91,316136.0,3474.021978021978,0.0,0,0.0,1.0,0,0.0
5765.0,91,316591.0,3479.021978021978,0.0,0,0.0,1.0,0,0.0
5770.0,91,317046.0,3484.021978021978,0.0,0,0.0,1.0,0,0.0
5775.0,91,317501.0,3489.021978021978,0.0,0,0.0,1.0,0,0.0
5780.0,91,317956.0,3494.021978021978,0.0,0,0.0,1.0,0,0.0
5785.0,91,318411.0,3499.021978021978,0.0,0,0.0,1.0,0,0.0
5790.0,91,318866.0,3504.021978021978,0.0,0,0.0,1.0,0,0.0
5795.0,91,319321.0,3509.021978021978,0.0,0,0.0,1.0,0,0.0
5800.0,91,319776.0,3514.021978021978,0.0,0,0.0,1.0,0,0.0
5805.0,91,320231.0,3519.021978021978,0.0,0,0.0,1.0,0,0.0
5810.0,91,320686.0,3524.021978021978,0.0,0,0.0,1.0,0,0.0
5815.0,91,321141.0,3529.021978021978,0.0,0,0.0,1.0,0,0.0
5820.0,91,321596.0,3534.021978021978,0.0,0,0.0,1.0,0,0.0
5825.0,91,322051.0,3539.021978021978,0.0,0,0.0,1.0,0,0.0
5830.0,91,322506.0,3544.021978021978,0.0,0,0.0,1.0,0,0.0
5835.0,91,322961.0,3549.021978021978,0.0,0,0.0,1.0,0,0.0
5840.0,91,323416.0,3554.021978021978,0.0,0,0.0,1.0,0,0.0
5845.0,91,323871.0,3559.021978021978,0.0,0,0.0,1.0,0,0.0
5850.0,91,324326.0,3564.021978021978,0.0,0,0.0,1.0,0,0.0
5855.0,91,324781.0,3569.021978021978,0.0,0,0.0,1.0,0,0.0
5860.0,91,325236.0,3574.021978021978,0.0,0,0.0,1.0,0,0.0
5865.0,91,325691.0,3579.021978021978,0.0,0,0.0,1.0,0,0.0
5870.0,91,326146.0,3584.021978021978,0.0,0,0.0,1.0,0,0.0
5875.0,91,326601.0,3589.021978021978,0.0,0,0.0,1.0,0,0.0
5880.0,91,327056.0,3594.021978021978,0.0,0,0.0,1.0,0,0.0
5885.0,91,327511.0,3599.021978021978,0.0,0,0.0,1.0,0,0.0
5890.0,91,327966.0,3604.021978021978,0.0,0,0.0,1.0,0,0.0
5895.0,91,328421.0,3609.021978021978,0.0,0,0.0,1.0,0,0.0
5900.0,91,328876.0,3614.021978021978,0.0,0,0.0,1.0,0,0.0
5905.0,91,329331.0,3619.021978021978,0.0,0,0.0,1.0,0,0.0
5910.0,91,329786.0,3624.021978021978,0.0,0,0.0,1.0,0,0.0
5915.0,91,330241.0,3629.021978021978,0.0,0,0.0,1.0,0,0.0
5920.0,91,330696.0,3634.021978021978,0.0,0,0.0,1.0,0,0.0
5925.0,91,331151.0,3639.021978021978,0.0,0,0.0,1.0,0,0.0
5930.0,91,331606.0,3644.021978021978,0.0,0,0.0,1.0,0,0.0
5935.0,91,332061.0,3649.021978021978,0.0,0,0.0,1.0,0,0.0
5940.0,91,332516.0,3654.021978021978,0.0,0,0.0,1.0,0,0.0
5945.0,91,332971.0,3659.021978021978,0.0,0,0.0,1.0,0,0.0
5950.0,91,333426.0,3664.021978021978,0.0,0,0.0,1.0,0,0.0
5955.0,91,333881.0,3669.021978021978,0.0,0,0.0,1.0,0,0.0
5960.0,91,334336.0,3674.021978021978,0.0,0,0.0,1.0,0,0.0
5965.0,91,334791.0,3679.021978021978,0.0,0,0.0,1.0,0,0.0
5970.0,91,335246.0,3684.021978021978,0.0,0,0.0,1.0,0,0.0
5975.0,91,335701.0,3689.021978021978,0.0,0,0.0,1.0,0,0.0
5980.0,91,336156.0,3694.021978021978,0.0,0,0.0,1.0,0,0.0
5985.0,91,336611.0,3699.021978021978,0.0,0,0.0,1.0,0,0.0
5990.0,91,337066.0,3704.021978021978,0.0,0,0.0,1.0,0,0.0
5995.0,91,337521.0,3709.021978021978,0.0,0,0.0,1.0,0,0.0
6000.0,91,337976.0,3714.021978021978,0.0,0,0.0,1.0,0,0.0
