step,system_total_stopped,system_total_waiting_time,system_mean_waiting_time,system_mean_speed,cluster_7621976415_7621976416_7621976420_7688405358_stopped,cluster_7621976415_7621976416_7621976420_7688405358_accumulated_waiting_time,cluster_7621976415_7621976416_7621976420_7688405358_average_speed,agents_total_stopped,agents_total_accumulated_waiting_time
0.0,0,0.0,0.0,0.0,0,0.0,1.0,0,0.0
5.0,1,0.0,0.0,14.14910076822089,0,0.0,1.0,0,0.0
10.0,0,0.0,0.0,15.161367983915083,0,0.0,1.0,0,0.0
15.0,0,0.0,0.0,12.010069282140428,0,0.0,1.0,0,0.0
20.0,1,0.0,0.0,11.348321944681153,0,0.0,1.0,0,0.0
25.0,1,0.0,0.0,13.20098320984645,0,0.0,1.0,0,0.0
30.0,0,0.0,0.0,15.808499286368074,0,0.0,1.0,0,0.0
35.0,0,0.0,0.0,15.789729968814527,0,0.0,1.0,0,0.0
40.0,0,0.0,0.0,15.804894741202675,0,0.0,0.5416706490600226,0,0.0
45.0,1,2.0,0.08695652173913043,14.87888417101234,1,2.0,0.000957691152744257,1,2.0
50.0,1,7.0,0.25925925925925924,15.252682005235565,1,7.0,0.0,1,7.0
55.0,2,12.0,0.41379310344827586,14.697329954493362,1,12.0,0.0,1,12.0
60.0,1,17.0,0.5862068965517241,14.424175663583506,1,17.0,0.0,1,17.0
65.0,2,23.0,0.7931034482758621,13.072885569982688,1,22.0,0.0,1,22.0
70.0,2,29.0,0.9354838709677419,11.199743934784049,2,29.0,0.00034318559299727376,2,29.0
75.0,2,39.0,1.1818181818181819,11.38721602782657,2,39.0,0.0,2,39.0
80.0,0,0.0,0.0,13.067684236834271,0,10.0,0.1382910286449168,0,10.0
85.0,0,0.0,0.0,13.361065070705088,0,0.0,0.4622602608479283,0,0.0
90.0,2,2.0,0.05405405405405406,12.56570623988571,0,0.0,0.22965099589811258,0,0.0
95.0,2,10.0,0.2702702702702703,12.2396176032594,1,3.0,0.40245766901637425,1,3.0
100.0,4,15.0,0.40540540540540543,10.17003173437259,2,9.0,0.04296817479403214,2,9.0
105.0,1,0.0,0.0,10.910428030780182,0,6.0,0.24588105922289302,0,6.0
110.0,1,2.0,0.046511627906976744,11.075372720063545,1,3.0,0.11141569106687912,1,3.0
115.0,2,3.0,0.06666666666666667,10.894347020414044,1,2.0,0.21841940968969253,1,2.0
120.0,1,6.0,0.13043478260869565,11.637471011982155,1,7.0,0.3573354707229918,1,7.0
125.0,0,0.0,0.0,13.199941584708938,0,0.0,0.45332405265922476,0,0.0
130.0,1,3.0,0.061224489795918366,12.368562935909296,1,3.0,0.18617983973682248,1,3.0
135.0,2,3.0,0.058823529411764705,10.917958541635159,2,3.0,0.13767225185013035,2,3.0
140.0,5,19.0,0.3584905660377358,11.316582018892941,3,17.0,0.06777603902460597,3,17.0
145.0,4,14.0,0.2641509433962264,11.052258303631852,1,24.0,0.1497541425849216,1,24.0
150.0,3,11.0,0.21153846153846154,11.748374758374469,3,29.0,0.07875133614594337,3,29.0
155.0,2,5.0,0.09433962264150944,11.856286989177429,2,35.0,0.05184093418609218,2,35.0
160.0,3,15.0,0.2830188679245283,10.551420132274316,3,36.0,0.08357748669118271,3,36.0
165.0,4,7.0,0.12962962962962962,9.882906815370017,2,28.0,0.07837525615838395,2,28.0
170.0,6,20.0,0.35714285714285715,10.377772923661578,5,30.0,0.07214037158240605,5,30.0
175.0,3,10.0,0.18181818181818182,9.263157388429214,3,35.0,0.044699200466061184,3,35.0
180.0,3,17.0,0.29310344827586204,11.3266471836148,3,33.0,0.10826541072040137,3,33.0
185.0,3,8.0,0.13333333333333333,11.494957937828916,2,28.0,0.06785111531932898,2,28.0
190.0,2,8.0,0.12903225806451613,12.33532599106586,2,16.0,0.1164297289009056,2,16.0
195.0,1,2.0,0.03225806451612903,10.28390902115341,1,29.0,0.0577743768394717,1,29.0
200.0,4,18.0,0.27692307692307694,11.465827924845687,4,40.0,0.0910755727162917,4,40.0
205.0,4,16.0,0.24615384615384617,12.107233470776174,2,41.0,0.044554231959880154,2,41.0
210.0,2,10.0,0.15625,12.179235326228973,2,36.0,0.1126831181496289,2,36.0
215.0,3,3.0,0.047619047619047616,11.846477747122124,1,39.0,0.13080874638623421,1,39.0
220.0,6,26.0,0.4126984126984127,11.859903495851215,4,48.0,0.1143909473086423,4,48.0
225.0,3,25.0,0.4032258064516129,11.582685158131667,1,41.0,0.18066107779935325,1,41.0
230.0,5,26.0,0.40625,10.991497871171063,2,24.0,0.1200705373299675,2,24.0
235.0,4,35.0,0.5303030303030303,10.964057197129321,0,11.0,0.2424421735138289,0,11.0
240.0,3,31.0,0.47692307692307695,11.97430466357689,2,12.0,0.0009468969691705446,2,12.0
245.0,2,32.0,0.5161290322580645,12.767845001371898,0,4.0,0.09912344495239338,0,4.0
250.0,1,5.0,0.08196721311475409,13.268548455465593,1,6.0,0.3088704024861067,1,6.0
255.0,0,0.0,0.0,12.441696746894953,0,4.0,0.10816994338991359,0,4.0
260.0,5,17.0,0.2833333333333333,12.542743837990248,2,7.0,0.20789539996488285,2,7.0
265.0,3,12.0,0.20689655172413793,11.83864991027523,2,12.0,0.025702808210554897,2,12.0
270.0,4,20.0,0.32786885245901637,11.993087400679991,4,28.0,0.051249396395497436,4,28.0
275.0,3,6.0,0.1,11.162110001207092,2,35.0,0.06269617209589254,2,35.0
280.0,3,8.0,0.13559322033898305,11.395436205465794,1,16.0,0.16872616860428236,1,16.0
285.0,3,6.0,0.10344827586206896,12.460277677153348,3,14.0,0.013184356449369982,3,14.0
290.0,5,27.0,0.4909090909090909,12.202166689535915,5,35.0,0.00025996195980775743,5,35.0
295.0,1,7.0,0.125,12.195582652983743,1,24.0,0.07814346992154445,1,24.0
300.0,2,4.0,0.07142857142857142,12.40264147755489,1,11.0,0.2660223936566814,1,11.0
305.0,4,4.0,0.06896551724137931,12.69956376898585,2,10.0,0.010586847107249208,2,10.0
310.0,4,20.0,0.3389830508474576,13.002864802690205,4,59.0,0.07387442006804272,4,59.0
315.0,3,13.0,0.21311475409836064,11.761344057684962,1,57.0,0.07655230005513082,1,57.0
320.0,1,4.0,0.06666666666666667,12.269428648954575,0,45.0,0.2613902183162683,0,45.0
325.0,3,8.0,0.14035087719298245,12.725774056580752,3,62.0,0.17135256812371077,3,62.0
330.0,7,34.0,0.576271186440678,11.784837845100387,5,86.0,9.437210495274116e-06,5,86.0
335.0,6,25.0,0.4098360655737705,11.405675416634343,2,43.0,0.08843395611050771,2,43.0
340.0,2,9.0,0.16071428571428573,12.470727721540927,2,31.0,0.16565421184136667,2,31.0
345.0,3,22.0,0.38596491228070173,13.498824437091292,3,27.0,0.05885503822222967,3,27.0
350.0,4,11.0,0.2,11.970004242712974,2,44.0,0.04965314787392872,2,44.0
355.0,4,15.0,0.26785714285714285,11.060992860273526,4,42.0,0.11892196803530351,4,42.0
360.0,4,12.0,0.2033898305084746,10.369099250827382,3,46.0,0.05695136478149387,3,46.0
365.0,4,25.0,0.4166666666666667,9.767786094260817,4,39.0,0.15518402630525388,4,39.0
370.0,5,48.0,0.7868852459016393,10.856559535969247,5,60.0,0.06141412687213082,5,60.0
375.0,5,28.0,0.45901639344262296,11.051284401227159,4,62.0,0.00811943630423303,4,62.0
380.0,2,14.0,0.22950819672131148,10.092193249683174,2,53.0,0.10514486823326619,2,53.0
385.0,4,8.0,0.12307692307692308,11.101024923475553,3,63.0,0.042351027740692715,3,63.0
390.0,7,31.0,0.47692307692307695,10.226015368231145,4,73.0,0.15455119149948185,4,73.0
395.0,7,31.0,0.4696969696969697,10.37103309613105,3,63.0,0.049461935899106475,3,63.0
400.0,4,24.0,0.375,10.825031048892495,4,50.0,0.08805733283166736,4,50.0
405.0,2,4.0,0.06349206349206349,11.190214219729956,2,66.0,0.07489708583451431,2,66.0
410.0,6,24.0,0.39344262295081966,11.539440724982766,4,67.0,0.1442976998315381,4,67.0
415.0,6,20.0,0.3225806451612903,11.312946832891283,2,60.0,0.037625700059075215,2,60.0
420.0,2,11.0,0.18333333333333332,10.843258560735483,2,36.0,0.07536840723828178,2,36.0
425.0,2,5.0,0.08333333333333333,10.705277959132562,1,37.0,0.06716181285995243,1,37.0
430.0,4,17.0,0.3090909090909091,9.830405906616607,4,49.0,0.00023259732539073313,4,49.0
435.0,3,15.0,0.25862068965517243,11.277677897732783,1,40.0,0.045109188924478315,1,40.0
440.0,1,4.0,0.07272727272727272,11.620531146405888,1,22.0,0.11213930721597246,1,22.0
445.0,2,7.0,0.125,11.351570776879376,1,31.0,0.06735718454398565,1,31.0
450.0,7,28.0,0.5384615384615384,10.867814875922233,4,41.0,0.06262878551862214,4,41.0
455.0,5,34.0,0.6666666666666666,10.207432979516023,2,38.0,0.15386415750306046,2,38.0
460.0,4,13.0,0.2549019607843137,10.74352042008572,3,25.0,0.10963379800112243,3,25.0
465.0,2,9.0,0.17647058823529413,11.339773063628416,1,24.0,0.09949718856513703,1,24.0
470.0,5,28.0,0.5714285714285714,9.876199472833596,3,28.0,0.13940972952967234,3,28.0
475.0,3,6.0,0.12,10.007692409838416,2,27.0,0.1627707196290648,2,27.0
480.0,3,13.0,0.26,12.000978915440223,3,21.0,0.06081804733746441,3,21.0
485.0,1,3.0,0.05660377358490566,13.17203925978643,1,15.0,0.22979668272782863,1,15.0
490.0,3,13.0,0.24074074074074073,12.263615794725705,3,23.0,0.09332161490056845,3,23.0
495.0,3,9.0,0.16363636363636364,12.067549228532547,2,24.0,0.07738619725719864,2,24.0
500.0,5,10.0,0.18181818181818182,10.910485924737246,3,14.0,0.06622654457372947,3,14.0
505.0,3,7.0,0.12727272727272726,10.333246790020285,2,23.0,0.06419550718817507,2,23.0
510.0,5,16.0,0.2962962962962963,11.282823286883469,4,38.0,0.13552660917424372,4,38.0
515.0,4,17.0,0.32075471698113206,10.950580770013143,3,44.0,0.05532575062629426,3,44.0
520.0,7,38.0,0.7169811320754716,11.677950100904413,5,67.0,0.03460430793777095,5,67.0
525.0,5,16.0,0.2807017543859649,9.993649160108555,2,63.0,0.03296957974383634,2,63.0
530.0,3,8.0,0.14035087719298245,10.92191515294129,1,43.0,0.12018646871762416,1,43.0
535.0,2,17.0,0.3090909090909091,12.587652591383533,2,25.0,0.1650537998326633,2,25.0
540.0,1,2.0,0.037037037037037035,11.97257647252812,1,15.0,0.03972176851125477,1,15.0
545.0,1,5.0,0.09090909090909091,13.442538556311051,1,8.0,0.15220742259497064,1,8.0
550.0,3,11.0,0.2,11.212956241130646,2,16.0,0.1698498321936056,2,16.0
555.0,2,5.0,0.09259259259259259,10.813835715342245,1,7.0,0.09678973916144096,1,7.0
560.0,4,12.0,0.2222222222222222,11.257294308358953,3,14.0,0.0012456024500030274,3,14.0
565.0,1,1.0,0.017857142857142856,11.717214075687165,0,20.0,0.1785294977771592,0,20.0
570.0,0,0.0,0.0,13.580711085236683,0,8.0,0.23728421686170387,0,8.0
575.0,0,0.0,0.0,14.111855767259392,0,0.0,1.0,0,0.0
580.0,2,5.0,0.0847457627118644,12.074135011443925,0,0.0,0.9736269383247178,0,0.0
585.0,0,0.0,0.0,14.03840717726694,0,0.0,1.0,0,0.0
590.0,0,0.0,0.0,14.815106481557203,0,0.0,0.3815657505824353,0,0.0
595.0,0,0.0,0.0,13.315140937373892,0,0.0,0.32607372656323824,0,0.0
600.0,2,6.0,0.12,13.115521324052583,2,6.0,0.005092068039339345,2,6.0
605.0,2,5.0,0.10204081632653061,11.57911428684406,0,3.0,0.22370465089896946,0,3.0
610.0,2,12.0,0.24,11.836837382351193,0,0.0,0.11980099829404078,0,0.0
615.0,2,22.0,0.43137254901960786,13.62019652456264,0,0.0,0.02410348280495622,0,0.0
620.0,4,37.0,0.74,13.319086644420624,1,11.0,0.43227969538020483,1,11.0
625.0,2,42.0,0.8571428571428571,12.633042939152777,0,10.0,0.2728579660265287,0,10.0
630.0,5,60.0,1.1764705882352942,10.664704318800876,2,7.0,0.09057813024463905,2,7.0
635.0,4,74.0,1.4230769230769231,12.299649418045655,1,7.0,0.2260668270792762,1,7.0
640.0,6,95.0,1.8627450980392157,13.100425535791615,2,12.0,0.00037060252875729455,2,12.0
645.0,4,103.0,1.9074074074074074,12.534423814583047,0,4.0,0.32012255722253263,0,4.0
650.0,5,127.0,2.2280701754385963,13.21923710430286,1,9.0,0.258935249712897,1,9.0
655.0,4,143.0,2.4237288135593222,12.218619870238113,0,8.0,0.30231417991885223,0,8.0
660.0,5,167.0,2.8793103448275863,12.147743134815604,0,0.0,0.02398044888039497,0,0.0
665.0,5,192.0,3.310344827586207,12.090718656999245,0,0.0,0.408098031749034,0,0.0
670.0,7,222.0,3.9642857142857144,9.717432429258427,2,7.0,0.14470001136394445,2,7.0
675.0,6,229.0,4.017543859649122,9.979046846358923,1,9.0,0.05407817106281812,1,9.0
680.0,6,259.0,4.709090909090909,10.971453254641254,1,8.0,0.0651103461428947,1,8.0
685.0,6,278.0,4.793103448275862,10.856306325374039,0,1.0,0.1558232303669576,0,1.0
690.0,8,314.0,5.607142857142857,12.229615253933543,0,0.0,0.44285806217266616,0,0.0
695.0,9,354.0,6.679245283018868,8.85117744073664,0,0.0,0.3627035835301694,0,0.0
700.0,12,404.0,8.08,8.064603931455181,1,3.0,0.0002749091604567346,1,3.0
705.0,10,448.0,8.615384615384615,9.804829573116567,0,0.0,0.3728933050726974,0,0.0
710.0,11,501.0,9.277777777777779,10.770977909077818,1,3.0,0.480234982189325,1,3.0
715.0,11,550.0,10.377358490566039,10.019996480134557,1,2.0,0.28309371945483897,1,2.0
720.0,13,606.0,10.821428571428571,9.973408781293248,2,8.0,0.3768334002466578,2,8.0
725.0,10,648.0,11.368421052631579,10.884236940983493,0,6.0,0.12901437618119185,0,6.0
730.0,13,706.0,11.966101694915254,10.681405987266587,3,27.0,0.08240522911128488,3,27.0
735.0,10,748.0,12.262295081967213,9.92265808611251,0,24.0,0.2033156564287238,0,24.0
740.0,13,805.0,14.12280701754386,9.24207523061118,3,7.0,0.12922604921791025,3,7.0
745.0,15,873.0,14.55,9.427814664190887,4,25.0,0.047271964334110704,4,25.0
750.0,14,943.0,15.209677419354838,9.795768429251677,4,45.0,0.13123861769530024,4,45.0
755.0,12,953.0,15.126984126984127,8.979101953552222,2,31.0,0.1283118239007803,2,31.0
760.0,15,1016.0,15.63076923076923,9.680718033433642,2,12.0,0.14282295897728156,2,12.0
765.0,12,1057.0,16.015151515151516,8.867638306484594,1,6.0,0.21455005789391324,1,6.0
770.0,12,1108.0,16.78787878787879,9.874868359398763,2,10.0,0.001663276387327604,2,10.0
775.0,10,1148.0,17.393939393939394,10.283238446536847,0,11.0,0.07161639982956107,0,11.0
780.0,11,1198.0,17.880597014925375,10.936543915411033,0,0.0,0.2655517527477123,0,0.0
785.0,10,1248.0,18.08695652173913,10.635209510346915,0,0.0,0.2772502934990561,0,0.0
790.0,10,1298.0,19.08823529411765,11.152672035533973,0,2.0,0.5132582806785493,0,2.0
795.0,10,1348.0,20.424242424242426,10.82777273569245,0,2.0,0.2484560481650775,0,2.0
800.0,10,1398.0,21.181818181818183,11.086591255836447,0,0.0,0.32023904943550097,0,0.0
805.0,12,1449.0,21.62686567164179,11.1852065973924,1,1.0,0.15273525370137453,1,1.0
810.0,11,1500.0,23.076923076923077,9.933753538300111,1,4.0,0.14817896317573934,1,4.0
815.0,11,1555.0,23.560606060606062,10.58051326559047,1,9.0,0.4723221151066069,1,9.0
820.0,10,1598.0,23.850746268656717,10.420389494443047,0,0.0,0.13289855178449705,0,0.0
825.0,13,1656.0,23.65714285714286,9.880901451619444,2,9.0,0.03748616390880505,2,9.0
830.0,12,1701.0,23.625,10.11829795897729,1,14.0,0.085275201445659,1,14.0
835.0,11,1748.0,24.27777777777778,10.567484890167073,0,7.0,0.2670920751369444,0,7.0
840.0,10,1798.0,24.97222222222222,11.401858887587686,0,0.0,0.36800135267894785,0,0.0
845.0,11,1850.0,26.056338028169016,10.771444427658272,1,2.0,0.004703855856312067,1,2.0
850.0,14,1915.0,26.971830985915492,9.467929663350674,3,16.0,0.10181468470574964,3,16.0
855.0,12,1955.0,26.78082191780822,10.041645540896361,0,10.0,0.16877419616878464,0,10.0
860.0,14,2017.0,26.539473684210527,10.85486022174764,1,1.0,0.21818882642252557,1,1.0
865.0,13,2077.0,27.69333333333333,11.766295226470502,0,0.0,0.249460940327208,0,0.0
870.0,14,2110.0,28.513513513513512,11.241855511737919,1,6.0,0.4004835879635181,1,6.0
875.0,10,2148.0,30.253521126760564,10.340604356956952,0,0.0,0.2915192951152714,0,0.0
880.0,11,2199.0,31.414285714285715,11.010056568992356,1,1.0,0.3955699362111264,1,1.0
885.0,12,2251.0,33.10294117647059,10.75591079754383,1,2.0,0.1328305218153546,1,2.0
890.0,14,2311.0,33.492753623188406,10.216349666413807,3,13.0,0.011675373285671923,3,13.0
895.0,12,2354.0,34.11594202898551,10.62912848842636,0,8.0,0.19351144008704374,0,8.0
900.0,13,2408.0,34.89855072463768,10.905459453890021,0,0.0,0.30486485776005356,0,0.0
905.0,12,2461.0,35.15714285714286,11.341623523712629,1,2.0,0.14791028095648687,1,2.0
910.0,12,2521.0,36.53623188405797,10.182269875752228,1,6.0,0.08238867917413022,1,6.0
915.0,12,2573.0,36.75714285714286,9.514180088813802,0,2.0,0.09745759308283833,0,2.0
920.0,12,2633.0,37.08450704225352,9.904404001707643,0,0.0,0.4505475025609594,0,0.0
925.0,15,2697.0,36.945205479452056,9.564435116168493,1,22.0,0.21071905512738437,1,22.0
930.0,18,2770.0,37.432432432432435,9.268145132375428,2,39.0,0.15330205664942834,2,39.0
935.0,20,2860.0,37.63157894736842,10.070523516340392,4,53.0,0.0007992375963622376,4,53.0
940.0,19,2939.0,38.16883116883117,9.988313934107495,1,41.0,0.061067207331169014,1,41.0
945.0,12,2904.0,38.21052631578947,8.648023818429946,0,12.0,0.4146200190756947,0,12.0
950.0,12,2957.0,37.91025641025641,9.85909614189302,1,11.0,0.19437078414247405,1,11.0
955.0,15,3017.0,37.24691358024691,9.837145422482468,2,20.0,0.09821336088609205,2,20.0
960.0,15,3087.0,37.646341463414636,10.333284136867668,3,29.0,0.09587832946796747,3,29.0
965.0,12,3126.0,40.07692307692308,9.92008033002436,0,22.0,0.1309200410997942,0,22.0
970.0,13,3190.0,40.8974358974359,9.730552204527033,1,6.0,0.20725674386187493,1,6.0
975.0,16,3254.0,42.25974025974026,9.987027160228513,2,5.0,0.05143600463577612,2,5.0
980.0,18,3334.0,43.298701298701296,9.91628749205703,3,63.0,0.12726319226504218,3,63.0
985.0,14,3374.0,44.39473684210526,10.295153340381418,2,70.0,0.09586893770994244,2,70.0
990.0,14,3438.0,45.84,11.765217604609273,2,39.0,0.183053377765829,2,39.0
995.0,14,3492.0,47.189189189189186,10.901840585487339,2,37.0,0.0389724246230363,2,37.0
1000.0,15,3566.0,50.225352112676056,10.483714497734018,3,46.0,0.046709363850165116,3,46.0
1005.0,16,3619.0,54.014925373134325,9.208926674950959,2,32.0,0.12945191966912398,2,32.0
1010.0,14,3684.0,54.1764705882353,8.57671653131295,1,15.0,0.25295587763364863,1,15.0
1015.0,13,3727.0,56.46969696969697,8.960591869964517,1,14.0,0.07608820189345285,1,14.0
1020.0,16,3800.0,56.71641791044776,10.11353576787276,3,22.0,0.09423659275680059,3,22.0
1025.0,15,3857.0,55.1,9.77870070282384,2,21.0,0.08733651194069715,2,21.0
1030.0,16,3934.0,56.2,10.030250556030026,3,21.0,0.10266304020526944,3,21.0
1035.0,17,3992.0,57.85507246376812,9.21687513442455,3,37.0,0.08448229540943157,3,37.0
1040.0,18,4068.0,57.29577464788732,8.902396735919067,5,43.0,0.07946608996780179,5,43.0
1045.0,17,4127.0,56.534246575342465,9.11352364179008,2,46.0,0.03679626216280318,2,46.0
1050.0,18,4196.0,58.27777777777778,8.722953794056469,4,40.0,0.09102855103661422,4,40.0
1055.0,16,4251.0,58.23287671232877,8.576733828342913,3,44.0,0.033598965181658745,3,44.0
1060.0,17,4326.0,60.929577464788736,8.886882707378103,4,43.0,0.03803778255975373,4,43.0
1065.0,18,4385.0,61.76056338028169,8.692647922042962,2,37.0,0.11869151542256232,2,37.0
1070.0,15,4447.0,61.763888888888886,8.877853631357654,2,27.0,0.25682124376917304,2,27.0
1075.0,16,4508.0,60.91891891891892,10.008430039158213,2,24.0,0.14695371964948545,2,24.0
1080.0,21,4599.0,64.77464788732394,9.316407128965874,6,41.0,0.0006915246492434339,6,41.0
1085.0,17,4662.0,66.6,9.021477409834413,1,41.0,0.07866016280443995,1,41.0
1090.0,14,4714.0,67.34285714285714,9.696135465935479,0,20.0,0.2504745845273707,0,20.0
1095.0,16,4787.0,67.4225352112676,9.818646144050504,0,7.0,0.2665944631740489,0,7.0
1100.0,15,4855.0,69.35714285714286,9.480794326054639,1,1.0,0.13819062903761517,1,1.0
1105.0,15,4926.0,70.37142857142857,8.977997885985875,1,3.0,0.2851980173970095,1,3.0
1110.0,18,5007.0,72.56521739130434,9.287896783008115,3,13.0,0.041081815295571915,3,13.0
1115.0,15,5067.0,74.51470588235294,10.067550075558737,0,10.0,0.17037419606556115,0,10.0
1120.0,16,5145.0,75.66176470588235,9.95307053684975,1,3.0,0.14096119859148512,1,3.0
1125.0,16,5218.0,77.88059701492537,9.61475604129134,1,4.0,0.15292468782079338,1,4.0
1130.0,16,5298.0,81.50769230769231,8.449793192906403,1,6.0,0.22069947043721494,1,6.0
1135.0,17,5372.0,82.64615384615385,8.800753372329964,1,6.0,0.04834498842622191,1,6.0
1140.0,20,5459.0,85.296875,8.095944795221289,2,13.0,1.1601663716775932e-05,2,13.0
1145.0,18,5531.0,86.421875,8.687102140199768,0,8.0,0.33366832943255853,0,8.0
1150.0,17,5616.0,86.4,9.137348087088785,0,0.0,0.16618121111197287,0,0.0
1155.0,19,5705.0,87.76923076923077,9.631066488240466,0,1.0,0.18187659719431923,0,1.0
1160.0,17,5786.0,91.84126984126983,9.409283374117834,0,0.0,1.0,0,0.0
1165.0,16,5845.0,92.77777777777777,10.085288956387224,0,0.0,0.4020002202269262,0,0.0
1170.0,18,5928.0,92.625,10.365637864559176,0,0.0,0.43810080556662023,0,0.0
1175.0,18,6018.0,94.03125,9.06109715783964,0,0.0,0.3798000815665356,0,0.0
1180.0,18,6108.0,96.95238095238095,9.602520684055746,0,0.0,0.21735909080329813,0,0.0
1185.0,19,6201.0,96.890625,9.104207642188365,1,3.0,0.007560042653314041,1,3.0
1190.0,17,6267.0,96.41538461538461,8.881267859587096,0,1.0,0.2916841095457681,0,1.0
1195.0,17,6352.0,96.24242424242425,9.339915217868063,0,3.0,0.22645157412530462,0,3.0
1200.0,18,6437.0,96.07462686567165,10.385353578430397,0,0.0,0.3438685510858013,0,0.0
1205.0,17,6522.0,100.33846153846154,10.771270179311824,0,0.0,0.5246242272073379,0,0.0
1210.0,17,6607.0,101.64615384615385,11.180258336145805,0,0.0,0.141252807564271,0,0.0
1215.0,19,6699.0,104.671875,11.636891823939642,2,7.0,0.0909703848139471,2,7.0
1220.0,17,6777.0,104.26153846153846,11.346567255283853,0,0.0,0.24034155861549558,0,0.0
1225.0,18,6866.0,107.28125,10.54411986353983,1,5.0,0.2517866599958146,1,5.0
1230.0,18,6947.0,105.25757575757575,9.558176285080231,0,3.0,0.25018850531313314,0,3.0
1235.0,18,7034.0,106.57575757575758,9.092074838859686,1,19.0,0.2157645530805945,1,19.0
1240.0,19,7124.0,103.2463768115942,8.588455510519582,1,21.0,0.1218001915994595,1,21.0
1245.0,18,7210.0,107.61194029850746,8.66173592298222,1,8.0,0.23358601638818535,1,8.0
1250.0,17,7287.0,104.1,9.298765620440742,0,1.0,0.13844130232448895,0,1.0
1255.0,17,7372.0,103.83098591549296,9.541769515135506,0,0.0,0.2676196765177925,0,0.0
1260.0,18,7458.0,108.08695652173913,9.327175835219064,1,1.0,0.2526346566023848,1,1.0
1265.0,20,7556.0,109.5072463768116,9.285780564223945,2,9.0,0.0003778495108554372,2,9.0
1270.0,19,7639.0,109.12857142857143,8.52556575405864,1,8.0,0.1317413407087619,1,8.0
1275.0,21,7723.0,113.57352941176471,8.354260980378525,2,9.0,8.885859986582853e-05,2,9.0
1280.0,19,7802.0,106.87671232876713,8.625377407821038,0,10.0,0.28573398887660745,0,10.0
1285.0,19,7894.0,108.13698630136986,8.435533677403306,1,2.0,0.39037632137318273,1,2.0
1290.0,20,7984.0,110.88888888888889,9.383379670590326,0,0.0,0.23588329247268847,0,0.0
1295.0,20,8083.0,110.72602739726027,9.66394143550308,1,5.0,0.48166700761387543,1,5.0
1300.0,20,8166.0,108.88,9.702094115745327,1,1.0,0.2949669603986015,1,1.0
1305.0,20,8259.0,114.70833333333333,10.312754846160509,2,7.0,0.01858599403495651,2,7.0
1310.0,18,8342.0,114.27397260273973,10.53243217855499,0,8.0,0.3154872561619421,0,8.0
1315.0,19,8435.0,115.54794520547945,9.93051449941181,1,12.0,0.2197881583638633,1,12.0
1320.0,19,8523.0,115.17567567567568,9.67230320560797,1,24.0,0.07819467415389003,1,24.0
1325.0,20,8622.0,114.96,9.675085407658756,2,34.0,0.21388603616878096,2,34.0
1330.0,20,8705.0,114.53947368421052,9.802072443977384,2,30.0,0.04509701331781091,2,30.0
1335.0,24,8814.0,119.10810810810811,9.25701830499268,4,36.0,0.048190199819413596,4,36.0
1340.0,22,8904.0,120.32432432432432,9.139844075547963,2,31.0,0.13956381863202127,2,31.0
1345.0,20,8983.0,123.05479452054794,9.283171698071246,2,18.0,0.08871278910528096,2,18.0
1350.0,20,9065.0,119.27631578947368,8.952207604443368,1,36.0,0.20647145485897683,1,36.0
1355.0,25,9179.0,120.77631578947368,8.831506837066467,4,43.0,0.07381366436066523,4,43.0
1360.0,25,9283.0,117.50632911392405,8.96659296422439,2,43.0,0.10202460074450893,2,43.0
1365.0,25,9392.0,117.4,8.322478025932844,3,35.0,0.10541137787274646,3,35.0
1370.0,24,9490.0,117.1604938271605,8.242179787174493,2,34.0,0.07762185298333234,2,34.0
1375.0,22,9523.0,114.73493975903614,8.635546344215019,3,35.0,0.08870166190585262,3,35.0
1380.0,23,9615.0,111.80232558139535,8.447598407363808,3,41.0,0.03934304868755796,3,41.0
1385.0,21,9710.0,111.60919540229885,8.337862218853763,3,41.0,0.08765672638922523,3,41.0
1390.0,20,9789.0,111.23863636363636,9.41306345719575,2,44.0,0.0386553924403067,2,44.0
1395.0,22,9887.0,113.64367816091954,9.093017597192777,4,39.0,0.09130056017679052,4,39.0
1400.0,25,9983.0,121.7439024390244,8.410236396928962,3,42.0,0.07406126996378233,3,42.0
1405.0,20,10067.0,121.28915662650603,9.403199298873588,2,37.0,0.10316715119192897,2,37.0
1410.0,20,10167.0,127.0875,9.66067635670232,2,40.0,0.25518172243232395,2,40.0
1415.0,21,10269.0,125.23170731707317,10.489596529239018,3,43.0,0.06788154416339157,3,43.0
1420.0,23,10336.0,124.53012048192771,9.97802190998735,3,58.0,0.047327455849131846,3,58.0
1425.0,25,10449.0,125.89156626506023,9.456624833552505,4,67.0,0.030847980816691763,4,67.0
1430.0,23,10524.0,123.81176470588235,9.143977306673632,2,71.0,0.05856195814113071,2,71.0
1435.0,20,10616.0,124.89411764705882,9.117540531547538,1,61.0,0.15600557094254602,1,61.0
1440.0,20,10698.0,130.46341463414635,9.975145716238853,2,20.0,0.09305567237607819,2,20.0
1445.0,21,10800.0,130.12048192771084,9.827726336448022,2,29.0,0.01184843135463419,2,29.0
1450.0,22,10871.0,135.8875,9.12856849101036,2,16.0,0.05062377543217113,2,16.0
1455.0,21,10973.0,140.67948717948718,9.206521821141887,1,7.0,0.06955613596558309,1,7.0
1460.0,22,11070.0,140.126582278481,9.47176116880297,1,3.0,0.47377024469692763,1,3.0
1465.0,22,11163.0,144.97402597402598,9.405890578156532,2,10.0,0.0019686702516307944,2,10.0
1470.0,22,11255.0,144.2948717948718,8.672220690739207,0,6.0,0.16479395562379462,0,6.0
1475.0,22,11363.0,142.0375,9.209666211678279,0,0.0,0.15461203925106978,0,0.0
1480.0,21,11461.0,148.84415584415584,8.685124396593006,0,2.0,0.246716222826128,0,2.0
1485.0,24,11573.0,156.3918918918919,9.140831863923852,1,1.0,0.13866310524728945,1,1.0
1490.0,22,11681.0,157.85135135135135,8.437011555509866,0,0.0,0.7465459178973678,0,0.0
1495.0,25,11801.0,159.47297297297297,7.838191887119061,0,0.0,0.009026741328312595,0,0.0
1500.0,26,11919.0,154.7922077922078,8.540714470592887,1,5.0,0.0,1,5.0
1505.0,28,12047.0,158.51315789473685,8.747826694788104,1,12.0,0.22110782104596916,1,12.0
1510.0,26,12160.0,157.92207792207793,9.143056513666101,1,15.0,0.3481870818856749,1,15.0
1515.0,26,12277.0,161.53947368421052,8.872003977356396,1,20.0,0.31990407491407613,1,20.0
1520.0,24,12377.0,165.02666666666667,8.34378002448488,0,2.0,0.13046645353660483,0,2.0
1525.0,26,12502.0,166.69333333333333,8.177267232508118,1,4.0,0.35176660332421533,1,4.0
1530.0,25,12623.0,163.93506493506493,7.817509762167066,0,23.0,0.21910031228053958,0,23.0
1535.0,29,12757.0,167.85526315789474,7.952144836693617,1,5.0,0.11793621790414495,1,5.0
1540.0,31,12897.0,169.69736842105263,6.687682874264001,1,8.0,0.14139628779033747,1,8.0
1545.0,35,13058.0,169.58441558441558,7.000669284512306,3,18.0,0.0006034261305176133,3,18.0
1550.0,33,13204.0,169.28205128205127,7.483829995301832,1,38.0,0.10947180705370996,1,38.0
1555.0,35,13369.0,173.62337662337663,6.881886904038501,1,23.0,0.17592087044849677,1,23.0
1560.0,35,13532.0,171.29113924050634,7.335725507666761,1,22.0,0.05318490602494608,1,22.0
1565.0,34,13637.0,168.35802469135803,7.27285062953433,2,30.0,0.18809717445304963,2,30.0
1570.0,34,13792.0,170.2716049382716,6.913311651070834,1,12.0,0.046277304087471126,1,12.0
1575.0,35,13961.0,174.5125,6.4163886702668975,1,15.0,0.19933026841321802,1,15.0
1580.0,36,14139.0,174.55555555555554,6.825238043342985,2,20.0,0.1146966115584111,2,20.0
1585.0,39,14311.0,174.52439024390245,6.8599862316933,3,25.0,0.04477607893971211,3,25.0
1590.0,38,14489.0,172.48809523809524,6.606086370094898,3,21.0,0.09796348936382288,3,21.0
1595.0,38,14679.0,170.6860465116279,6.78720613273326,3,31.0,0.09214392288742611,3,31.0
1600.0,38,14828.0,168.5,6.79041068187953,2,31.0,0.08436683411815615,2,31.0
1605.0,40,15019.0,170.67045454545453,6.867862857803232,4,20.0,0.0001256435054256514,4,20.0
1610.0,39,15191.0,178.71764705882353,6.000114573814632,1,24.0,0.06493229099134283,1,24.0
1615.0,36,15350.0,178.48837209302326,6.786718361373608,0,14.0,0.26213819257616405,0,14.0
1620.0,35,15523.0,180.5,6.55721170372323,0,52.0,0.4433313764367462,0,52.0
1625.0,37,15704.0,178.45454545454547,6.314958060062185,1,25.0,0.12577380664906745,1,25.0
1630.0,39,15890.0,180.5681818181818,6.619250938611418,2,47.0,0.06933700900907698,2,47.0
1635.0,43,16094.0,180.8314606741573,6.560151764757996,4,61.0,0.00020674437819642846,4,61.0
1640.0,44,16311.0,179.24175824175825,6.775486281604107,4,81.0,0.0,4,81.0
1645.0,42,16484.0,177.247311827957,7.107988723695618,1,77.0,0.07833406929922021,1,77.0
1650.0,38,16642.0,178.94623655913978,7.376268683686577,0,40.0,0.20735633874277248,0,40.0
1655.0,41,16834.0,182.97826086956522,6.39244003595043,0,9.0,0.20150887422730004,0,9.0
1660.0,44,17044.0,185.2608695652174,6.459364342891243,1,11.0,0.09388184789813599,1,11.0
1665.0,43,17248.0,189.53846153846155,6.4352319791309815,1,17.0,0.19580516993654232,1,17.0
1670.0,45,17457.0,196.14606741573033,6.2759084864786905,0,3.0,0.4596383751561433,0,3.0
1675.0,45,17673.0,196.36666666666667,6.761993552244572,1,3.0,0.0025511325624480367,1,3.0
1680.0,47,17901.0,205.75862068965517,6.157778424125149,2,10.0,0.017526753409321322,2,10.0
1685.0,43,18075.0,200.83333333333334,6.08637007604617,0,8.0,0.09241612278140801,0,8.0
1690.0,43,18290.0,203.22222222222223,6.196861574775557,0,0.0,0.47268021166352986,0,0.0
1695.0,45,18510.0,201.19565217391303,6.11538427440112,1,2.0,0.053993204575888805,1,2.0
1700.0,48,18748.0,199.4468085106383,5.880651910022825,3,15.0,2.6176601244863278e-05,3,15.0
1705.0,46,18955.0,197.44791666666666,5.481564204758054,0,21.0,0.12036687938471932,0,21.0
1710.0,48,19190.0,195.81632653061226,6.199140300174509,1,10.0,0.12491886550508806,1,10.0
1715.0,47,19383.0,197.78571428571428,5.671615011744022,1,3.0,0.08844573645413623,1,3.0
1720.0,51,19630.0,198.2828282828283,5.603075659825198,4,16.0,0.0012101060677823794,4,16.0
1725.0,49,19845.0,196.4851485148515,6.251631138675946,1,20.0,0.08255914368437929,1,20.0
1730.0,48,20072.0,198.73267326732673,6.46314261629784,0,9.0,0.19685553790087795,0,9.0
1735.0,50,20313.0,195.31730769230768,6.331371813197736,1,11.0,0.022346877606979718,1,11.0
1740.0,54,20571.0,192.25233644859813,6.5193536282465665,4,25.0,0.0006688641302260172,4,25.0
1745.0,54,20820.0,196.41509433962264,6.085587958096601,1,25.0,0.0683263552796115,1,25.0
1750.0,51,21038.0,198.47169811320754,6.433765290568649,1,13.0,0.2570183296706876,1,13.0
1755.0,49,21273.0,204.54807692307693,6.134979938590575,1,42.0,0.3148239671505921,1,42.0
1760.0,52,21526.0,206.98076923076923,5.888872323078619,4,79.0,0.07882204973632762,4,79.0
1765.0,52,21765.0,203.41121495327104,5.859177322059581,2,82.0,0.057972113568537174,2,82.0
1770.0,53,22010.0,201.92660550458714,6.008018287233535,3,56.0,0.09456118063820829,3,56.0
1775.0,53,22251.0,202.28181818181818,5.456428882667967,3,69.0,0.03503794216191795,3,69.0
1780.0,57,22521.0,206.61467889908258,5.389516556700334,4,117.0,0.09829735690447429,4,117.0
1785.0,59,22775.0,208.94495412844037,5.447921200013794,3,95.0,0.0553923979021918,3,95.0
1790.0,57,23018.0,209.25454545454545,5.745992972564365,4,82.0,0.0941765679120468,4,82.0
1795.0,53,23253.0,211.3909090909091,5.901674371616176,3,96.0,0.03955333622369889,3,96.0
1800.0,56,23516.0,213.78181818181818,5.8263994324756565,4,101.0,0.07454649564270295,4,101.0
1805.0,59,23783.0,216.20909090909092,4.912603027274833,2,56.0,0.03632812098665704,2,56.0
1810.0,57,24007.0,214.34821428571428,5.604029342442444,2,45.0,0.08915784024425402,2,45.0
1815.0,54,24239.0,212.62280701754386,6.528169288928464,1,49.0,0.06242247798474591,1,49.0
1820.0,56,24508.0,214.98245614035088,6.017917707651528,4,65.0,0.07704634077640005,4,65.0
1825.0,58,24773.0,213.56034482758622,5.223759707489965,1,56.0,0.04261771524494457,1,56.0
1830.0,56,25026.0,219.52631578947367,5.3232368684375295,0,33.0,0.1506899683493348,0,33.0
1835.0,58,25302.0,216.25641025641025,5.921180289254875,2,36.0,0.12290146634677554,2,36.0
1840.0,58,25585.0,220.56034482758622,5.866345104974667,2,24.0,0.0495184445877516,2,24.0
1845.0,58,25853.0,226.78070175438597,5.86311113898757,0,43.0,0.10146547776047816,0,43.0
1850.0,62,26141.0,229.30701754385964,5.505211696318561,3,46.0,0.0795015325694614,3,46.0
1855.0,64,26439.0,236.0625,5.305271860941909,2,48.0,0.053197160717416786,2,48.0
1860.0,63,26736.0,238.71428571428572,4.728643625557969,1,32.0,0.11728116467029287,1,32.0
1865.0,64,27047.0,233.16379310344828,5.718920577945757,3,34.0,0.1540048950676562,3,34.0
1870.0,61,27333.0,235.6293103448276,5.512554153490221,0,23.0,0.08051417723528356,0,23.0
1875.0,64,27636.0,234.20338983050848,5.06189274933901,3,24.0,0.12383770409205008,3,24.0
1880.0,70,27953.0,234.89915966386553,4.913027978286924,2,28.0,0.07613774355822518,2,28.0
1885.0,70,28281.0,235.675,4.308429542413057,3,29.0,0.1386348920602145,3,29.0
1890.0,68,28592.0,236.29752066115702,5.040692985686496,3,43.0,0.05290690174652061,3,43.0
1895.0,69,28928.0,239.07438016528926,5.251777685208745,4,47.0,0.06292681386237461,4,47.0
1900.0,72,29260.0,239.8360655737705,5.393456900441949,2,46.0,0.06625917038324952,2,46.0
1905.0,70,29589.0,242.5327868852459,5.064314066476725,1,39.0,0.1860255963763674,1,39.0
1910.0,71,29936.0,245.37704918032787,5.414500182740029,1,22.0,0.16958089384265332,1,22.0
1915.0,71,30276.0,254.42016806722688,4.7896021121956,1,22.0,0.057882310595789466,1,22.0
1920.0,76,30645.0,255.375,4.305161350153459,4,29.0,0.10295560064691958,4,29.0
1925.0,75,30992.0,256.1322314049587,3.999940205852789,2,28.0,0.027077346564052723,2,28.0
1930.0,73,31348.0,261.23333333333335,4.085167110160478,2,22.0,0.08917300829247121,2,22.0
1935.0,77,31722.0,262.1652892561983,4.70879861943794,3,28.0,0.12090530278954296,3,28.0
1940.0,73,32056.0,267.1333333333333,4.327859307887807,0,22.0,0.08912737174898085,0,22.0
1945.0,75,32429.0,265.8114754098361,4.874752329668275,1,5.0,0.1137165441615543,1,5.0
1950.0,77,32797.0,266.6422764227642,4.759004330496917,1,1.0,0.20543986260731786,1,1.0
1955.0,83,33193.0,265.544,4.157192504260695,2,13.0,0.1728319686620976,2,13.0
1960.0,80,33567.0,264.3070866141732,4.339992867859344,0,11.0,0.13739666614781834,0,11.0
1965.0,83,33976.0,263.37984496124034,4.681745952310551,0,3.0,0.11446640583106328,0,3.0
1970.0,85,34397.0,266.6434108527132,4.763551430536846,0,1.0,0.5224973103121344,0,1.0
1975.0,87,34827.0,265.85496183206106,4.333859450117744,0,2.0,0.24230747097655644,0,2.0
1980.0,89,35208.0,264.7218045112782,3.965751059231445,1,12.0,0.1914814436586186,1,12.0
1985.0,83,35553.0,271.39694656488547,4.373512094093545,1,11.0,0.09537691251242793,1,11.0
1990.0,86,35973.0,270.4736842105263,4.660783900237586,2,16.0,0.0001721531479937336,2,16.0
1995.0,84,36380.0,273.5338345864662,3.9547952095276333,0,6.0,0.10144716152752128,0,6.0
2000.0,86,36808.0,272.65185185185186,4.492720506525958,1,5.0,0.0,1,5.0
2005.0,82,37187.0,277.5149253731343,4.739243609728723,0,0.0,0.5733025059947946,0,0.0
2010.0,84,37599.0,280.589552238806,4.588871174293243,1,6.0,0.27129971517936957,1,6.0
2015.0,84,38014.0,287.9848484848485,4.696723867083104,0,0.0,0.5694752044602193,0,0.0
2020.0,86,38433.0,286.8134328358209,4.527953947385129,0,0.0,0.47268400666784,0,0.0
2025.0,86,38861.0,290.0074626865672,4.19406069722985,0,1.0,0.26587748867455024,0,1.0
2030.0,89,39304.0,291.14074074074074,4.077197043657179,2,9.0,0.19813946560108853,2,9.0
2035.0,91,39737.0,290.05109489051097,3.951760388254784,2,15.0,0.03947824804378401,2,15.0
2040.0,89,40175.0,289.0287769784173,4.282647931616488,1,34.0,0.13395452648854514,1,34.0
2045.0,92,40634.0,290.24285714285713,4.547812739333314,2,35.0,0.23851891426821825,2,35.0
2050.0,92,41073.0,291.29787234042556,4.1761192428195235,1,70.0,0.05288650530812094,1,70.0
2055.0,95,41543.0,290.5104895104895,4.447389426859013,3,84.0,0.04535828001720226,3,84.0
2060.0,98,42006.0,295.8169014084507,3.838137228094007,2,83.0,0.1435557623511536,2,83.0
2065.0,97,42467.0,296.97202797202794,3.6482684838206167,2,43.0,0.06642364702692831,2,43.0
2070.0,98,42952.0,296.2206896551724,3.9069249074444072,4,50.0,0.06930897407947889,4,50.0
2075.0,101,43450.0,299.6551724137931,3.564535129121989,4,61.0,0.06591658734019956,4,61.0
2080.0,102,43910.0,302.82758620689657,3.7924420404338,2,62.0,0.0392259567012575,2,62.0
2085.0,101,44386.0,301.94557823129253,4.3699214633477155,3,46.0,0.10010498174955428,3,46.0
2090.0,102,44874.0,305.265306122449,3.5779752698903367,2,57.0,0.05687792686947969,2,57.0
2095.0,105,45382.0,304.5771812080537,3.7291485289752138,4,55.0,0.0896216661423616,4,55.0
2100.0,105,45876.0,312.0816326530612,3.3012350955548184,1,41.0,0.08475304344785038,1,41.0
2105.0,102,46362.0,313.2567567567568,3.623740099633451,3,26.0,0.12244665102042408,3,26.0
2110.0,104,46855.0,318.74149659863946,3.3018383461001064,3,38.0,0.05556226642843137,3,38.0
2115.0,104,47367.0,328.9375,3.0659494765766495,3,39.0,0.08904796550557735,3,39.0
2120.0,106,47871.0,327.8835616438356,3.658174622962258,2,40.0,0.06290555604109188,2,40.0
2125.0,107,48391.0,326.9662162162162,3.8744040413027454,3,33.0,0.1082200323195314,3,33.0
2130.0,107,48901.0,328.19463087248323,3.4142520745934712,0,26.0,0.07411480873156788,0,26.0
2135.0,112,49448.0,329.6533333333333,3.8252187829702105,3,18.0,0.0009550375469989944,3,18.0
2140.0,104,49892.0,334.8456375838926,4.378621385874713,0,16.0,0.18106060127981705,0,16.0
2145.0,107,50421.0,329.54901960784315,4.383883965222582,1,6.0,0.2224597598075123,1,6.0
2150.0,106,50942.0,330.7922077922078,3.8201686666882906,1,2.0,0.13249997676007796,1,2.0
2155.0,109,51484.0,334.31168831168833,3.782733306306613,3,14.0,0.054872092735088265,3,14.0
2160.0,110,52014.0,335.5741935483871,3.6801254875656197,1,10.0,0.04227201008610925,1,10.0
2165.0,114,52574.0,337.0128205128205,3.578840801660555,2,9.0,6.670233430090641e-05,2,9.0
2170.0,113,53128.0,344.987012987013,3.6606058422584176,0,31.0,0.21253810529944372,0,31.0
2175.0,116,53698.0,342.02547770700636,3.329523701481799,2,40.0,0.20162108087826064,2,40.0
2180.0,119,54281.0,343.5506329113924,2.9313492957826077,3,24.0,0.13896227144736434,3,24.0
2185.0,118,54811.0,344.72327044025155,2.9209604052682874,2,17.0,0.09187915920616115,2,17.0
2190.0,117,55396.0,344.0745341614907,3.466890632582815,2,18.0,9.126693212942539e-06,2,18.0
2195.0,116,55960.0,343.3128834355828,3.7395969332496626,0,10.0,0.08025971927698695,0,10.0
2200.0,119,56543.0,346.88957055214723,3.580980999571007,0,0.0,0.47111958325091385,0,0.0
2205.0,120,57136.0,348.390243902439,3.767370638749945,0,2.0,0.10380913024900718,0,2.0
2210.0,122,57745.0,349.969696969697,3.887479611983111,1,9.0,0.09379025332765374,1,9.0
2215.0,122,58346.0,357.9509202453988,3.374190728982909,1,38.0,0.18268911769683926,1,38.0
2220.0,123,58953.0,361.67484662576686,3.2273307377411653,1,33.0,0.1373681851443725,1,33.0
2225.0,124,59568.0,363.219512195122,3.4045575457839066,1,36.0,0.07828762252334262,1,36.0
2230.0,124,60188.0,371.5308641975309,3.5927967786084984,1,38.0,0.18309924296250027,1,38.0
2235.0,124,60798.0,372.99386503067484,3.555621850670261,0,4.0,0.1783033560323258,0,4.0
2240.0,127,61421.0,372.24848484848485,3.8140419321709627,1,1.0,0.3566386829700233,1,1.0
2245.0,126,62048.0,371.54491017964074,3.9060659020840385,0,0.0,1.0,0,0.0
2250.0,126,62678.0,373.0833333333333,3.7898757522693955,0,0.0,0.1509171374085412,0,0.0
2255.0,128,63310.0,374.61538461538464,3.274834140334573,0,0.0,0.4279975496660769,0,0.0
2260.0,131,63953.0,382.9520958083832,2.8880167273030994,1,3.0,0.13515832507219092,1,3.0
2265.0,129,64595.0,386.79640718562877,3.1098437696629824,0,0.0,0.13786886170129184,0,0.0
2270.0,129,65240.0,383.7647058823529,3.24235440745883,0,0.0,0.4616712635493414,0,0.0
2275.0,131,65891.0,387.59411764705885,3.1813899987639775,0,0.0,1.0,0,0.0
2280.0,132,66550.0,393.7869822485207,3.188237272679493,0,0.0,1.0,0,0.0
2285.0,134,67212.0,395.36470588235295,3.176865037141175,0,0.0,1.0,0,0.0
2290.0,135,67884.0,396.9824561403509,2.8144791916177225,0,0.0,0.021859375964400626,0,0.0
2295.0,139,68567.0,398.6453488372093,2.769325175597639,2,6.0,0.000807941951168181,2,6.0
2300.0,135,69234.0,404.87719298245617,2.692978359085179,0,4.0,0.3683407549014599,0,4.0
2305.0,135,69909.0,418.6167664670659,2.164708995079094,0,0.0,0.17188085861500446,0,0.0
2310.0,137,70594.0,420.20238095238096,2.464602395241104,1,5.0,0.011928045419094806,1,5.0
2315.0,137,71270.0,421.71597633136093,2.55215316575518,1,3.0,0.060134418731183255,1,3.0
2320.0,139,71956.0,420.7953216374269,2.5019672994011986,1,6.0,0.3957324396050021,1,6.0
2325.0,140,72641.0,417.47701149425285,2.6652645712828784,1,4.0,0.13564181501162384,1,4.0
2330.0,139,73336.0,416.6818181818182,2.6623432588112754,1,8.0,0.34760615011709467,1,8.0
2335.0,140,74034.0,415.92134831460675,2.876533237566203,1,13.0,0.19191826175318452,1,13.0
2340.0,140,74718.0,419.76404494382024,2.56718985123961,1,2.0,0.08199591881204144,1,2.0
2345.0,145,75434.0,421.4189944134078,2.4740125125103303,3,16.0,0.22131290668441816,3,16.0
2350.0,145,76158.0,425.463687150838,2.7646323458434146,3,29.0,0.23714253398784038,3,29.0
2355.0,142,76840.0,426.8888888888889,2.773197067752238,0,24.0,0.058579936131216835,0,24.0
2360.0,142,77550.0,433.24022346368713,2.8310967104990574,0,0.0,0.32129974667865496,0,0.0
2365.0,144,78263.0,432.3922651933702,2.8620492814032454,1,2.0,0.00041225257791280127,1,2.0
2370.0,144,78978.0,431.57377049180326,2.940494922894206,2,8.0,0.06897318751228124,2,8.0
2375.0,145,79682.0,430.71351351351353,2.830242803847701,1,7.0,0.0869317929051426,1,7.0
2380.0,144,80402.0,434.6054054054054,3.104300765288087,1,6.0,0.0,1,6.0
2385.0,143,81111.0,440.82065217391306,3.0670877425682175,0,0.0,1.0,0,0.0
2390.0,144,81827.0,447.14207650273227,2.768630131843051,0,0.0,0.22774709439286622,0,0.0
2395.0,145,82550.0,451.09289617486337,2.4868327946530884,1,3.0,0.2509197748994498,1,3.0
2400.0,149,83289.0,452.6576086956522,2.6775799024629046,2,10.0,0.0006106572650310499,2,10.0
2405.0,148,84016.0,454.14054054054054,2.7921030574921946,0,5.0,0.14753589377359008,0,5.0
2410.0,153,84769.0,453.3101604278075,2.500444288250615,0,0.0,1.0,0,0.0
2415.0,155,85527.0,454.9308510638298,2.274777436138233,1,2.0,0.2416693502656837,1,2.0
2420.0,153,86281.0,454.11052631578946,2.217482606308175,1,2.0,0.21722945360009271,1,2.0
2425.0,153,87046.0,455.73821989528795,2.3011617620991935,1,7.0,0.12951581717864566,1,7.0
2430.0,153,87799.0,452.57216494845363,2.3388204310030534,0,5.0,0.08108463414682285,0,5.0
2435.0,156,88568.0,456.5360824742268,2.4335526341041485,0,0.0,0.6993963502184556,0,0.0
2440.0,156,89348.0,460.55670103092785,2.3626549147694864,0,0.0,0.5398491224133007,0,0.0
2445.0,156,90128.0,466.98445595854923,2.6036510337364978,0,0.0,1.0,0,0.0
2450.0,157,90910.0,471.0362694300518,2.4814283420061622,0,0.0,0.5886804614524911,0,0.0
2455.0,157,91690.0,465.43147208121826,3.009568189104054,1,2.0,0.00035082875300323,1,2.0
2460.0,158,92469.0,467.0151515151515,2.600793076789829,0,1.0,0.3323394779084046,0,1.0
2465.0,160,93261.0,473.4060913705584,2.519873657368307,1,12.0,0.07578491201895447,1,12.0
2470.0,161,94059.0,482.3538461538462,2.387110390910178,1,18.0,0.13864495371064212,1,18.0
2475.0,161,94859.0,481.51776649746193,2.29678602149892,2,11.0,0.006325656127039342,2,11.0
2480.0,160,95646.0,483.06060606060606,2.3237235932804543,0,12.0,0.2595688707639905,0,12.0
2485.0,165,96456.0,489.6243654822335,2.240891125043664,1,1.0,0.14569922426926943,1,1.0
2490.0,164,97264.0,491.2323232323232,2.4205758042101286,1,2.0,0.2695005351741741,1,2.0
2495.0,166,98088.0,492.90452261306535,2.1820574000303363,2,10.0,0.15883564360889302,2,10.0
2500.0,165,98900.0,494.5,2.4195701643458642,0,6.0,0.17666373535812277,0,6.0
2505.0,165,99725.0,493.68811881188117,2.537249693271109,0,0.0,0.14054738166729341,0,0.0
2510.0,166,100550.0,495.320197044335,2.31770203612454,0,1.0,0.0930045148330285,0,1.0
2515.0,165,101375.0,496.9362745098039,2.5336407595531663,0,2.0,0.6679538977112406,0,2.0
2520.0,167,102204.0,501.0,2.4182511110087437,0,1.0,0.48609115889464405,0,1.0
2525.0,169,103038.0,505.0882352941176,1.965083445130549,1,1.0,0.021688762482533853,1,1.0
2530.0,172,103888.0,501.8743961352657,2.3073522677909337,1,3.0,0.0002320027002571195,1,3.0
2535.0,172,104748.0,506.0289855072464,2.4940927748852046,1,8.0,0.0,1,8.0
2540.0,174,105613.0,502.9190476190476,2.566446409242817,2,14.0,0.21187155547613742,2,14.0
2545.0,175,106486.0,502.29245283018867,2.356904906057183,3,27.0,0.08345371184040958,3,27.0
2550.0,178,107367.0,508.8483412322275,2.2860823304777536,5,48.0,0.06267125828263218,5,48.0
2555.0,176,108228.0,512.9289099526067,2.086792713300543,4,56.0,0.033046824799821614,4,56.0
2560.0,178,109111.0,512.2582159624413,1.9836664045606838,4,69.0,0.1214645176298416,4,69.0
2565.0,180,110000.0,511.6279069767442,1.7260285465504872,4,89.0,0.023406333093901374,4,89.0
2570.0,182,110908.0,518.2616822429907,1.9385851887921186,6,117.0,7.299873095083593e-05,6,117.0
2575.0,181,111807.0,517.625,2.0753141247313462,6,147.0,0.0,6,147.0
2580.0,180,112689.0,516.9220183486239,2.307218173755969,4,160.0,0.037073256475894066,4,160.0
2585.0,180,113589.0,521.0504587155963,2.069122584306494,4,172.0,0.10790380909844459,4,172.0
2590.0,185,114505.0,522.8538812785388,1.9015474359666962,5,195.0,1.600251398827185e-05,5,195.0
2595.0,186,115428.0,524.6727272727272,1.7818377356118602,5,220.0,0.0928810017373456,5,220.0
2600.0,185,116332.0,526.3891402714933,1.8014638217229204,4,229.0,0.024226676864496227,4,229.0
2605.0,186,117259.0,525.8251121076233,1.95486906871871,4,249.0,0.0,4,249.0
2610.0,187,118191.0,525.2933333333333,2.1088984697658053,4,269.0,0.0,4,269.0
2615.0,187,119123.0,522.469298245614,2.351415792015117,4,289.0,0.0,4,289.0
2620.0,188,120062.0,528.9074889867842,2.0683414557752435,4,309.0,0.015197686738081384,4,309.0
2625.0,189,121004.0,528.4017467248908,2.35441840375805,4,329.0,0.0,4,329.0
2630.0,190,121954.0,532.5502183406113,2.659510340943837,4,349.0,0.0,4,349.0
2635.0,190,122904.0,541.4273127753304,2.0900889219042265,4,369.0,0.07973365047963862,4,369.0
2640.0,192,123860.0,545.6387665198238,1.85148003757628,4,399.0,0.06026236203703767,4,399.0
2645.0,195,124831.0,554.8044444444445,1.590597425935967,6,425.0,0.01676106994195138,6,425.0
2650.0,194,125792.0,551.719298245614,1.505751837442127,5,443.0,0.024911596955397155,5,443.0
2655.0,193,126755.0,555.9429824561404,1.6813811945968573,4,451.0,0.09207776830936994,4,451.0
2660.0,193,127720.0,552.9004329004329,1.9188124654608807,4,469.0,0.0,4,469.0
2665.0,193,128685.0,554.676724137931,1.9230226364313134,4,489.0,0.09425202331729894,4,489.0
2670.0,197,129667.0,551.7744680851064,1.9045033433630778,6,517.0,0.033742549574964024,6,517.0
2675.0,195,130625.0,546.5481171548117,2.1256879080868103,4,537.0,0.0334444925980784,4,537.0
2680.0,194,131595.0,548.3125,2.325403053484661,4,549.0,0.0,4,549.0
2685.0,195,132568.0,559.3586497890295,2.1981264106081984,4,569.0,0.0,4,569.0
2690.0,195,133543.0,563.4725738396625,2.2377792688386045,4,589.0,0.0,4,589.0
2695.0,198,134526.0,567.620253164557,2.065472813044492,4,609.0,0.0,4,609.0
2700.0,198,135503.0,574.1652542372881,1.984588964231881,4,629.0,0.0,4,629.0
2705.0,199,136482.0,575.873417721519,1.940040616418473,4,649.0,0.09960888285431933,4,649.0
2710.0,200,137477.0,585.0085106382978,1.584460793122122,4,669.0,0.09598676056653992,4,669.0
2715.0,202,138477.0,589.263829787234,1.5726161232470577,4,689.0,0.042580532093283545,4,689.0
2720.0,203,139487.0,593.5617021276596,1.4873393687968792,5,712.0,9.49407878566114e-06,5,712.0
2725.0,206,140513.0,592.8818565400844,1.5650683187257093,5,737.0,0.0,5,737.0
2730.0,208,141548.0,587.3360995850622,1.800440689724709,5,762.0,0.0,5,762.0
2735.0,210,142593.0,589.2272727272727,1.7720348537092734,6,788.0,0.027707746524810343,6,788.0
2740.0,209,143618.0,593.4628099173553,1.6816930861782435,4,796.0,0.020704980571347644,4,796.0
2745.0,211,144669.0,600.2863070539419,1.4712668334687493,4,812.0,0.06126037772843542,4,812.0
2750.0,211,145719.0,599.6666666666666,1.7001560658854085,4,835.0,0.09337173386043034,4,835.0
2755.0,211,146774.0,599.0775510204081,1.798844744370548,4,849.0,0.0,4,849.0
2760.0,212,147834.0,600.9512195121952,1.9082477836465714,4,869.0,0.0,4,869.0
2765.0,214,148903.0,598.004016064257,1.84616112373137,4,890.0,0.16909400277345368,4,890.0
2770.0,216,149978.0,599.912,1.5873808545315498,5,913.0,0.020476967271861678,5,913.0
2775.0,217,151053.0,597.0474308300395,1.686803747409907,4,930.0,0.03929630199456523,4,930.0
2780.0,218,152141.0,596.6313725490196,2.0020016091777486,4,949.0,0.0,4,949.0
2785.0,220,153234.0,596.2412451361868,1.9337796462651837,4,969.0,0.04919702303816756,4,969.0
2790.0,221,154337.0,595.8957528957529,1.883563133638008,5,992.0,0.04206319242174152,5,992.0
2795.0,223,155445.0,597.8653846153846,1.904460292019955,4,1009.0,0.08091145182063231,4,1009.0
2800.0,224,156565.0,597.5763358778626,1.986728404076017,4,1036.0,0.08444078990547069,4,1036.0
2805.0,224,157676.0,604.1226053639847,1.77704914345385,5,1054.0,0.06441112567862738,5,1054.0
2810.0,225,158797.0,613.1158301158301,1.549491220604982,5,1079.0,0.0,5,1079.0
2815.0,226,159912.0,612.6896551724138,1.6889916462047325,4,1089.0,0.0,4,1089.0
2820.0,228,161043.0,617.0229885057471,1.5605309641405727,4,1109.0,0.0,4,1109.0
2825.0,231,162189.0,623.8038461538462,1.476475869164761,4,1129.0,0.0,4,1129.0
2830.0,231,163337.0,623.4236641221374,1.4292859947489331,4,1149.0,0.0,4,1149.0
2835.0,231,164492.0,620.7245283018868,1.5485228380157152,4,1169.0,0.0,4,1169.0
2840.0,231,165647.0,627.4507575757576,1.6742547951431594,4,1189.0,0.10079397470532254,4,1189.0
2845.0,232,166804.0,627.0827067669173,1.6243721487511327,5,1211.0,0.0017973150902481111,5,1211.0
2850.0,233,167969.0,631.4624060150376,1.4688631659556903,6,1241.0,0.026202392394063235,6,1241.0
2855.0,233,169121.0,633.4119850187266,1.6054206819056034,5,1263.0,0.02519132271001826,5,1263.0
2860.0,233,170286.0,635.3955223880597,1.5972366775604243,5,1278.0,0.057231117113664465,5,1278.0
2865.0,235,171454.0,642.1498127340824,1.64608068398921,5,1303.0,0.0,5,1303.0
2870.0,236,172631.0,644.1455223880597,1.6737862206720002,5,1328.0,0.0,5,1328.0
2875.0,238,173813.0,643.7518518518518,1.638336610491887,5,1353.0,0.071417519508069,5,1353.0
2880.0,237,174998.0,643.375,1.598718781823689,5,1378.0,0.019441726187863207,5,1378.0
2885.0,239,176187.0,647.7463235294117,1.4088307931953807,5,1403.0,0.20075611130818954,5,1403.0
2890.0,242,177390.0,652.1691176470588,1.351209929794634,6,1430.0,1.4857197729896487e-06,6,1430.0
2895.0,243,178599.0,651.8211678832117,1.2501249308833648,6,1460.0,0.057924216345586525,6,1460.0
2900.0,246,179824.0,653.9054545454545,1.2199933666111253,8,1496.0,0.014898478256704853,8,1496.0
2905.0,247,181045.0,655.9601449275362,1.2160959309659816,6,1529.0,0.021928508402076437,6,1529.0
2910.0,246,182275.0,658.0324909747293,1.3064731935938028,6,1552.0,0.04662161454619997,6,1552.0
2915.0,248,183507.0,655.3821428571429,1.0631621114624192,6,1580.0,0.09115068191504953,6,1580.0
2920.0,250,184751.0,655.145390070922,1.3293258145891018,6,1610.0,0.0016244538893679938,6,1610.0
2925.0,251,186006.0,657.2650176678445,1.475027765087725,7,1645.0,0.0,7,1645.0
2930.0,251,187256.0,657.0385964912281,1.5843552376066685,6,1670.0,0.09872686598790989,6,1670.0
2935.0,252,188511.0,659.1293706293707,1.5759212034564292,6,1700.0,0.031099855877019626,6,1700.0
2940.0,253,189774.0,661.2334494773519,1.514481938079939,7,1734.0,0.1248543353179106,7,1734.0
2945.0,255,191046.0,661.0588235294117,1.438656958238901,7,1769.0,0.03344186456255325,7,1769.0
2950.0,257,192325.0,660.9106529209622,1.3561538916740212,8,1808.0,0.030198191699559486,8,1808.0
2955.0,262,193618.0,660.8122866894198,1.3814988096530023,10,1852.0,0.00026227107183215883,10,1852.0
2960.0,260,194897.0,660.6677966101695,1.3674085726527159,7,1886.0,0.018839941629993476,7,1886.0
2965.0,261,196196.0,662.8243243243244,1.4808054707853235,7,1911.0,0.04297805696852874,7,1911.0
2970.0,261,197500.0,662.751677852349,1.63143314563917,7,1944.0,0.047124417179915806,7,1944.0
2975.0,262,198802.0,669.3670033670033,1.526420225528048,9,1985.0,0.00012983887234442384,9,1985.0
2980.0,264,200115.0,669.2809364548496,1.435054197064115,9,2030.0,0.0044782636951621515,9,2030.0
2985.0,262,201405.0,673.5953177257525,1.4423498632980678,8,2062.0,0.018411453234827437,8,2062.0
2990.0,263,202715.0,677.9765886287626,1.512392823000351,7,2087.0,0.05124418739782707,7,2087.0
2995.0,264,204026.0,680.0866666666667,1.5691282941987565,7,2119.0,0.06777835905269733,7,2119.0
3000.0,263,205341.0,689.0637583892617,1.4263923838224288,7,2154.0,0.07094240805598168,7,2154.0
3005.0,266,206665.0,686.594684385382,1.4428784214072374,8,2190.0,0.0001534548468360718,8,2190.0
3010.0,268,208004.0,684.2236842105264,1.41619858366748,8,2230.0,0.0,8,2230.0
3015.0,268,209338.0,686.3540983606557,1.6663122104634942,7,2259.0,0.05657917613045375,7,2259.0
3020.0,269,210680.0,690.7540983606557,1.6678729596591488,7,2294.0,0.0,7,2294.0
3025.0,271,212034.0,692.9215686274509,1.363315716242927,7,2329.0,0.0,7,2329.0
3030.0,270,213380.0,695.0488599348535,1.292417608974632,7,2364.0,0.0,7,2364.0
3035.0,273,214741.0,697.211038961039,1.2807541997302607,7,2399.0,0.019131180967063358,7,2399.0
3040.0,277,216122.0,701.6948051948052,1.315490098224184,9,2442.0,0.026405041782482895,9,2442.0
3045.0,277,217501.0,706.172077922078,1.171167258279655,8,2480.0,0.020064760820779372,8,2480.0
3050.0,279,218894.0,708.3948220064725,1.118020563843851,8,2518.0,0.07179635970858753,8,2518.0
3055.0,282,220299.0,712.9417475728155,1.0352052503887172,8,2558.0,0.053210902270517536,8,2558.0
3060.0,283,221710.0,717.5080906148868,1.1120971263891999,9,2599.0,0.00010675493149657142,9,2599.0
3065.0,284,223126.0,715.1474358974359,1.1794826527370628,10,2645.0,0.00019327724620836636,10,2645.0
3070.0,285,224548.0,729.0519480519481,1.1162447644054645,10,2695.0,0.0,10,2695.0
3075.0,283,225946.0,731.2168284789644,1.0709949036070985,8,2727.0,0.048045139303726316,8,2727.0
3080.0,284,227361.0,738.1850649350649,0.9016794030611808,8,2758.0,0.0,8,2758.0
3085.0,283,228776.0,745.1986970684039,0.9991721898803693,8,2798.0,0.0,8,2798.0
3090.0,284,230195.0,749.8208469055375,0.9143867211032931,8,2838.0,0.0,8,2838.0
3095.0,285,231619.0,747.158064516129,0.982619933096905,8,2878.0,0.0,8,2878.0
3100.0,286,233046.0,746.9423076923077,1.0125034934679134,8,2918.0,0.0,8,2918.0
3105.0,289,234484.0,751.5512820512821,1.0697882644262842,8,2958.0,0.0,8,2958.0
3110.0,288,235924.0,748.9650793650794,1.1791436697534239,8,2998.0,0.0,8,2998.0
3115.0,289,237364.0,748.782334384858,1.2492941246495868,8,3038.0,0.0,8,3038.0
3120.0,288,238804.0,750.9559748427673,1.1799246783141306,8,3078.0,0.08359386175280156,8,3078.0
3125.0,294,240266.0,746.1677018633541,1.2110577453449318,8,3118.0,0.012230387556582524,8,3118.0
3130.0,294,241730.0,753.0529595015577,1.1599945596283932,10,3165.0,0.0008822188316958614,10,3165.0
3135.0,295,243190.0,755.2484472049689,1.0558289306149147,8,3207.0,0.019365923874298335,8,3207.0
3140.0,296,244665.0,762.196261682243,0.8587058132114065,8,3238.0,0.06622941199257966,8,3238.0
3145.0,298,246148.0,764.4347826086956,0.8587552823892057,9,3279.0,0.00042798581277484176,9,3279.0
3150.0,300,247645.0,764.3364197530864,0.8475907106834456,9,3324.0,0.0004752714742549453,9,3324.0
3155.0,300,249135.0,764.217791411043,1.0887858893764186,8,3364.0,0.060183476208572784,8,3364.0
3160.0,302,250640.0,768.8343558282209,0.9822901139542288,8,3398.0,0.0,8,3398.0
3165.0,302,252146.0,771.0886850152905,1.037109301177522,8,3438.0,0.0,8,3438.0
3170.0,301,253649.0,770.9696048632219,1.1181035454828692,8,3479.0,0.030491828927513738,8,3479.0
3175.0,302,255156.0,775.5501519756839,0.9952643573494098,9,3523.0,0.0006748959301369359,9,3523.0
3180.0,307,256678.0,773.1265060240963,1.0133038599986424,11,3574.0,0.013232675050852337,11,3574.0
3185.0,309,258213.0,775.4144144144144,0.9953590100549666,12,3632.0,1.2133627839560494e-05,12,3632.0
3190.0,307,259717.0,775.2746268656716,0.9894321260996394,9,3671.0,0.02095846252381089,9,3671.0
3195.0,308,261242.0,777.5059523809524,1.0335199009289697,8,3686.0,0.04253410062678943,8,3686.0
3200.0,309,262783.0,777.4644970414201,1.0707271391306867,8,3718.0,0.04077091763969678,8,3718.0
3205.0,311,264324.0,772.8771929824561,1.1784143620869787,9,3761.0,0.06723487922955931,9,3761.0
3210.0,313,265878.0,777.421052631579,0.9157999350974773,10,3809.0,0.0030064514771049504,10,3809.0
3215.0,311,267420.0,779.6501457725948,1.0278597574823332,8,3846.0,0.05899237861575277,8,3846.0
3220.0,313,268982.0,784.204081632653,1.1122030180556715,9,3881.0,0.10667105471139089,9,3881.0
3225.0,313,270540.0,784.1739130434783,1.074147070782382,8,3919.0,0.01204649878660595,8,3919.0
3230.0,316,272107.0,786.4364161849711,1.1066532487841676,8,3958.0,0.06668419972251494,8,3958.0
3235.0,316,273685.0,788.7175792507204,1.2241694521992101,8,3998.0,0.05148341674018909,8,3998.0
3240.0,314,275245.0,793.2132564841498,1.2131290236657823,8,4038.0,0.0,8,4038.0
3245.0,314,276815.0,795.4454022988506,1.191924185442043,8,4078.0,0.035970560191396266,8,4078.0
3250.0,317,278388.0,795.3942857142857,1.2261687926763838,8,4121.0,0.04450834711531623,8,4121.0
3255.0,316,279968.0,797.6296296296297,1.365761387326668,8,4158.0,0.03857564123447998,8,4158.0
3260.0,318,281554.0,797.6033994334277,1.3719957313441504,9,4202.0,7.387619646619856e-07,9,4202.0
3265.0,319,283145.0,804.3892045454545,1.2345718484992647,9,4247.0,0.01709080527882301,9,4247.0
3270.0,319,284731.0,806.6033994334277,1.0069114587287666,8,4282.0,0.01630489435426327,8,4282.0
3275.0,327,286346.0,813.4829545454545,0.945057225053366,8,4318.0,0.05224762553134312,8,4318.0
3280.0,326,287976.0,815.7960339943343,1.0509101958707951,8,4359.0,0.07849136627929952,8,4359.0
3285.0,328,289611.0,820.42776203966,0.9869635949899175,9,4404.0,0.06967040844379413,9,4404.0
3290.0,330,291259.0,818.1432584269663,1.0560840296573288,9,4449.0,0.001026842433067078,9,4449.0
3295.0,334,292919.0,818.2094972067039,1.0431921566275009,11,4507.0,0.02632625251502624,11,4507.0
3300.0,332,294557.0,820.4930362116992,0.8858730947659622,9,4543.0,0.021087711953855687,9,4543.0
3305.0,333,296217.0,820.5457063711912,0.8416202037684485,8,4561.0,0.0365661381736456,8,4561.0
3310.0,337,297896.0,822.9171270718232,0.6876656210883922,8,4598.0,0.0,8,4598.0
3315.0,337,299574.0,825.2727272727273,0.8222144569935834,8,4638.0,0.0,8,4638.0
3320.0,339,301260.0,825.3698630136986,0.8089363949796731,8,4678.0,0.0,8,4678.0
3325.0,339,302947.0,825.4686648501363,0.8042921814561694,8,4718.0,0.024118324399868774,8,4718.0
3330.0,342,304644.0,827.8369565217391,0.8180489179322814,10,4764.0,9.142762767385319e-05,10,4764.0
3335.0,341,306340.0,830.189701897019,0.8336752029138264,8,4807.0,0.07017725709351165,8,4807.0
3340.0,341,308045.0,830.3099730458221,0.8842702031235559,8,4838.0,0.0,8,4838.0
3345.0,343,309757.0,828.2272727272727,0.8570249529797509,8,4878.0,0.0,8,4878.0
3350.0,345,311482.0,828.4095744680851,0.9561319152297127,8,4924.0,0.003682735838818297,8,4924.0
3355.0,346,313193.0,830.7506631299734,1.131021269486699,9,4968.0,0.0,9,4968.0
3360.0,347,314915.0,830.910290237467,1.11871943664359,8,5001.0,0.03802801633572305,8,5001.0
3365.0,347,316647.0,837.6904761904761,1.1699460804499866,8,5038.0,0.04631989407481383,8,5038.0
3370.0,349,318391.0,842.3042328042328,1.111975127731978,9,5082.0,0.03557237870760531,9,5082.0
3375.0,352,320146.0,849.1936339522547,0.8215817929343897,10,5129.0,0.027880755602425065,10,5129.0
3380.0,355,321913.0,849.3746701846966,0.9155138696928397,12,5184.0,7.734614628500932e-05,12,5184.0
3385.0,353,323650.0,851.7105263157895,0.8184325065367,9,5222.0,0.021210870477863804,9,5222.0
3390.0,355,325412.0,856.3473684210526,0.6650443535740556,8,5245.0,0.04341495721346477,8,5245.0
3395.0,357,327187.0,856.5104712041884,0.7257779671382997,8,5278.0,0.05578523798719611,8,5278.0
3400.0,359,328977.0,856.7109375,0.8662410750097506,8,5338.0,0.060991398789531616,8,5338.0
3405.0,360,330767.0,856.9093264248704,0.8513575232068468,9,5379.0,0.0015061550409310395,9,5379.0
3410.0,361,332570.0,861.580310880829,0.7952854408013217,10,5428.0,1.0234518558540152e-06,10,5428.0
3415.0,360,334355.0,861.7396907216495,0.8865747261727217,8,5445.0,0.01664663840755934,8,5445.0
3420.0,360,336154.0,859.7289002557545,1.071625666563166,8,5478.0,0.03349865651622232,8,5478.0
3425.0,361,337958.0,859.9440203562341,1.1240733805790668,9,5522.0,1.394538336489623e-05,9,5522.0
3430.0,362,339756.0,860.1417721518987,0.988299143669584,8,5558.0,0.0,8,5558.0
3435.0,363,341570.0,862.5505050505051,1.0107258163964248,8,5598.0,0.0,8,5598.0
3440.0,364,343390.0,864.9622166246851,1.174824912214251,8,5638.0,0.0,8,5638.0
3445.0,365,345215.0,865.2005012531329,1.2150010772816708,8,5678.0,0.08456233879273348,8,5678.0
3450.0,368,347049.0,874.1788413098237,1.0091967969577653,8,5718.0,0.06823917997648857,8,5718.0
3455.0,370,348894.0,876.6180904522613,1.0093117001138543,8,5758.0,0.05072699882715813,8,5758.0
3460.0,371,350745.0,879.0601503759399,0.9024216478426971,8,5798.0,0.0,8,5798.0
3465.0,372,352605.0,877.1268656716418,0.9767410770071928,8,5838.0,0.0,8,5838.0
3470.0,372,354465.0,879.5657568238213,1.0828761509197544,8,5878.0,0.0,8,5878.0
3475.0,373,356329.0,879.8246913580247,1.1076052605417936,8,5918.0,0.0,8,5918.0
3480.0,373,358194.0,880.0835380835381,1.1511756682581984,8,5958.0,0.013819921389178851,8,5958.0
3485.0,376,360065.0,889.0493827160494,0.979866161921817,9,6001.0,0.04782971243789017,9,6001.0
3490.0,376,361934.0,889.2727272727273,0.9327147105850393,8,6038.0,0.012775194216452587,8,6038.0
3495.0,375,363809.0,891.6887254901961,1.027806163099519,8,6078.0,0.03339263709051761,8,6078.0
3500.0,377,365689.0,894.1051344743277,1.0493652519017114,9,6122.0,1.5795475013840641e-06,9,6122.0
3505.0,377,367564.0,894.316301703163,1.1029226839612514,8,6158.0,0.0,8,6158.0
3510.0,380,369459.0,898.92700729927,1.1319823234694497,8,6198.0,0.0,8,6198.0
3515.0,380,371359.0,897.0024154589372,1.182466683157409,8,6238.0,0.060837081043322305,8,6238.0
3520.0,382,373263.0,897.2668269230769,1.1196465154897495,9,6280.0,1.2171383261544831e-05,9,6280.0
3525.0,384,375172.0,901.8557692307693,1.061210256615016,8,6318.0,0.0374451070938098,8,6318.0
3530.0,383,377087.0,908.6433734939759,0.93432301580126,8,6355.0,0.0,8,6355.0
3535.0,385,379004.0,911.0673076923077,0.8075707067477716,8,6390.0,0.029664793556201677,8,6390.0
3540.0,386,380931.0,913.5035971223022,0.8000322650320125,8,6424.0,0.0,8,6424.0
3545.0,390,382872.0,918.158273381295,0.7513461677957247,8,6454.0,0.10201801732041922,8,6454.0
3550.0,392,384823.0,918.4319809069212,0.7496452577132272,9,6485.0,0.0074013726952738695,9,6485.0
3555.0,394,386787.0,918.7339667458432,0.8087565700132944,11,6523.0,9.764000145778424e-05,11,6523.0
3560.0,395,388758.0,921.2274881516588,0.7947178572747986,12,6560.0,6.88295002253581e-05,12,6560.0
3565.0,393,390695.0,923.628841607565,0.7181872897754727,9,6581.0,0.01604553126864129,9,6581.0
3570.0,393,392646.0,928.2411347517731,0.7588377981823542,8,6580.0,0.03987116097219628,8,6580.0
3575.0,394,394611.0,932.886524822695,0.7515292045248729,8,6589.0,0.0,8,6589.0
3580.0,397,396589.0,937.5626477541371,0.6268680984843125,8,6609.0,0.04193185367343647,8,6609.0
3585.0,399,398578.0,944.4976303317535,0.619314756745029,8,6629.0,0.0,8,6629.0
3590.0,400,400577.0,944.7570754716982,0.7568388508766161,8,6649.0,0.0,8,6649.0
3595.0,401,402578.0,949.4764150943396,0.6464154773513372,8,6669.0,0.006700476581440302,8,6669.0
3600.0,400,404577.0,949.7112676056338,0.8165770619445873,8,6689.0,0.07567568253307415,8,6689.0
3605.0,401,406581.0,954.4154929577464,0.7767805437262272,8,6709.0,0.0,8,6709.0
3610.0,403,408593.0,963.6627358490566,0.47564334416112236,8,6729.0,0.03595995912053799,8,6729.0
3615.0,405,410614.0,968.4292452830189,0.5084255479364874,9,6752.0,2.985504936940119e-06,9,6752.0
3620.0,405,412639.0,973.2051886792453,0.5529411208896713,9,6777.0,0.0490439257010246,9,6777.0
3625.0,405,414655.0,980.2718676122931,0.4915988497886562,8,6790.0,0.05194407287920825,8,6790.0
3630.0,405,416680.0,985.0591016548464,0.4599029890061775,8,6809.0,0.03475345431288844,8,6809.0
3635.0,405,418705.0,989.8463356973996,0.5514957769697525,8,6829.0,0.10870389000279135,8,6829.0
3640.0,406,420732.0,999.3634204275535,0.4649212390355122,8,6849.0,0.10642590940279445,8,6849.0
3645.0,406,422762.0,1004.1852731591449,0.5191516524659823,8,6869.0,0.0,8,6869.0
3650.0,406,424792.0,1011.4095238095238,0.4842632495711065,8,6893.0,0.04131938807818923,8,6893.0
3655.0,407,426826.0,1018.6778042959427,0.4056859504525242,8,6912.0,0.02548037692443662,8,6912.0
3660.0,407,428861.0,1025.9832535885168,0.36920795523009525,8,6929.0,0.0,8,6929.0
3665.0,407,430896.0,1030.8516746411483,0.37148453688949584,8,6949.0,0.0,8,6949.0
3670.0,407,432931.0,1040.6995192307693,0.25519861224275514,8,6969.0,0.0,8,6969.0
3675.0,407,434966.0,1050.6425120772947,0.18654198767956764,8,6989.0,0.0013411617926269229,8,6989.0
3680.0,407,437001.0,1058.1138014527844,0.18093245062310936,8,7009.0,0.0,8,7009.0
3685.0,407,439036.0,1063.0411622276029,0.2238106581313134,8,7029.0,0.0,8,7029.0
3690.0,407,441071.0,1067.9685230024213,0.13500408600339517,8,7049.0,0.0,8,7049.0
3695.0,407,443106.0,1072.8958837772398,0.1724599198300594,8,7069.0,0.0,8,7069.0
3700.0,408,445146.0,1083.0802919708028,0.07976622958432483,8,7089.0,0.0,8,7089.0
3705.0,408,447186.0,1088.043795620438,0.10221808930719378,8,7109.0,0.0,8,7109.0
3710.0,408,449226.0,1093.007299270073,0.1009222742361827,8,7129.0,0.0,8,7129.0
3715.0,408,451266.0,1097.970802919708,0.08067785592874024,8,7149.0,0.0,8,7149.0
3720.0,408,453306.0,1102.934306569343,0.10141486515638004,8,7169.0,0.0,8,7169.0
3725.0,408,455346.0,1116.0441176470588,0.0,8,7189.0,0.0,8,7189.0
3730.0,408,457386.0,1121.0441176470588,0.0,8,7209.0,0.0,8,7209.0
3735.0,408,459426.0,1126.0441176470588,0.0,8,7229.0,0.0,8,7229.0
3740.0,408,461466.0,1131.0441176470588,0.0,8,7249.0,0.0,8,7249.0
3745.0,408,463506.0,1136.0441176470588,0.0,8,7269.0,0.0,8,7269.0
3750.0,408,465546.0,1141.0441176470588,0.0,8,7289.0,0.0,8,7289.0
3755.0,408,467586.0,1146.0441176470588,0.0,8,7309.0,0.0,8,7309.0
3760.0,408,469626.0,1151.0441176470588,0.0,8,7329.0,0.0,8,7329.0
3765.0,408,471666.0,1156.0441176470588,0.0,8,7349.0,0.0,8,7349.0
3770.0,408,473706.0,1161.0441176470588,0.0,8,7369.0,0.0,8,7369.0
3775.0,408,475746.0,1166.0441176470588,0.0,8,7389.0,0.0,8,7389.0
3780.0,408,477786.0,1171.0441176470588,0.0,8,7409.0,0.0,8,7409.0
3785.0,408,479826.0,1176.0441176470588,0.0,8,7429.0,0.0,8,7429.0
3790.0,408,481866.0,1181.0441176470588,0.0,8,7449.0,0.0,8,7449.0
3795.0,408,483906.0,1186.0441176470588,0.0,8,7469.0,0.0,8,7469.0
3800.0,408,485946.0,1191.0441176470588,0.0,8,7489.0,0.0,8,7489.0
3805.0,408,487986.0,1196.0441176470588,0.0,8,7509.0,0.0,8,7509.0
3810.0,408,490026.0,1201.0441176470588,0.0,8,7529.0,0.0,8,7529.0
3815.0,408,492066.0,1206.0441176470588,0.0,8,7549.0,0.0,8,7549.0
3820.0,408,494106.0,1211.0441176470588,0.0,8,7569.0,0.0,8,7569.0
3825.0,408,496146.0,1216.0441176470588,0.0,8,7589.0,0.0,8,7589.0
3830.0,408,498186.0,1221.0441176470588,0.0,8,7609.0,0.0,8,7609.0
3835.0,408,500226.0,1226.0441176470588,0.0,8,7629.0,0.0,8,7629.0
3840.0,408,502266.0,1231.0441176470588,0.0,8,7649.0,0.0,8,7649.0
3845.0,408,504306.0,1236.0441176470588,0.0,8,7669.0,0.0,8,7669.0
3850.0,408,506346.0,1241.0441176470588,0.0,8,7689.0,0.0,8,7689.0
3855.0,408,508386.0,1246.0441176470588,0.0,8,7705.0,0.0,8,7705.0
3860.0,408,510426.0,1251.0441176470588,0.0,8,7720.0,0.0,8,7720.0
3865.0,408,512466.0,1256.0441176470588,0.0,8,7735.0,0.0,8,7735.0
3870.0,408,514506.0,1261.0441176470588,0.0,8,7750.0,0.0,8,7750.0
3875.0,408,516546.0,1266.0441176470588,0.0,8,7765.0,0.0,8,7765.0
3880.0,408,518586.0,1271.0441176470588,0.0,8,7780.0,0.0,8,7780.0
3885.0,408,520626.0,1276.0441176470588,0.0,8,7795.0,0.0,8,7795.0
3890.0,408,522666.0,1281.0441176470588,0.0,8,7808.0,0.0,8,7808.0
3895.0,408,524706.0,1286.0441176470588,0.0,8,7818.0,0.0,8,7818.0
3900.0,408,526746.0,1291.0441176470588,0.0,8,7828.0,0.0,8,7828.0
3905.0,408,528786.0,1296.0441176470588,0.0,8,7838.0,0.0,8,7838.0
3910.0,408,530826.0,1301.0441176470588,0.0,8,7848.0,0.0,8,7848.0
3915.0,408,532866.0,1306.0441176470588,0.0,8,7858.0,0.0,8,7858.0
3920.0,408,534906.0,1311.0441176470588,0.0,8,7868.0,0.0,8,7868.0
3925.0,408,536946.0,1316.0441176470588,0.0,8,7878.0,0.0,8,7878.0
3930.0,408,538986.0,1321.0441176470588,0.0,8,7888.0,0.0,8,7888.0
3935.0,408,541026.0,1326.0441176470588,0.0,8,7898.0,0.0,8,7898.0
3940.0,408,543066.0,1331.0441176470588,0.0,8,7904.0,0.0,8,7904.0
3945.0,408,545106.0,1336.0441176470588,0.0,8,7909.0,0.0,8,7909.0
3950.0,408,547146.0,1341.0441176470588,0.0,8,7914.0,0.0,8,7914.0
3955.0,408,549186.0,1346.0441176470588,0.0,8,7919.0,0.0,8,7919.0
3960.0,408,551226.0,1351.0441176470588,0.0,8,7924.0,0.0,8,7924.0
3965.0,408,553266.0,1356.0441176470588,0.0,8,7929.0,0.0,8,7929.0
3970.0,408,555306.0,1361.0441176470588,0.0,8,7934.0,0.0,8,7934.0
3975.0,408,557346.0,1366.0441176470588,0.0,8,7939.0,0.0,8,7939.0
3980.0,408,559386.0,1371.0441176470588,0.0,8,7944.0,0.0,8,7944.0
3985.0,408,561426.0,1376.0441176470588,0.0,8,7949.0,0.0,8,7949.0
3990.0,408,563466.0,1381.0441176470588,0.0,8,7954.0,0.0,8,7954.0
3995.0,408,565506.0,1386.0441176470588,0.0,8,7959.0,0.0,8,7959.0
4000.0,408,567546.0,1391.0441176470588,0.0,8,7964.0,0.0,8,7964.0
4005.0,408,569586.0,1396.0441176470588,0.0,8,7969.0,0.0,8,7969.0
4010.0,408,571626.0,1401.0441176470588,0.0,8,7974.0,0.0,8,7974.0
4015.0,408,573666.0,1406.0441176470588,0.0,8,7979.0,0.0,8,7979.0
4020.0,408,575706.0,1411.0441176470588,0.0,8,7984.0,0.0,8,7984.0
4025.0,408,577746.0,1416.0441176470588,0.0,8,7989.0,0.0,8,7989.0
4030.0,408,579786.0,1421.0441176470588,0.0,8,7994.0,0.0,8,7994.0
4035.0,408,581826.0,1426.0441176470588,0.0,8,7999.0,0.0,8,7999.0
4040.0,408,583866.0,1431.0441176470588,0.0,8,8000.0,0.0,8,8000.0
4045.0,408,585906.0,1436.0441176470588,0.0,8,8000.0,0.0,8,8000.0
4050.0,408,587946.0,1441.0441176470588,0.0,8,8000.0,0.0,8,8000.0
4055.0,408,589986.0,1446.0441176470588,0.0,8,8000.0,0.0,8,8000.0
4060.0,408,592026.0,1451.0441176470588,0.0,8,8000.0,0.0,8,8000.0
4065.0,408,594066.0,1456.0441176470588,0.0,8,8000.0,0.0,8,8000.0
4070.0,408,596106.0,1461.0441176470588,0.0,8,8000.0,0.0,8,8000.0
4075.0,408,598146.0,1466.0441176470588,0.0,8,8000.0,0.0,8,8000.0
4080.0,408,600186.0,1471.0441176470588,0.0,8,8000.0,0.0,8,8000.0
4085.0,408,602226.0,1476.0441176470588,0.0,8,8000.0,0.0,8,8000.0
4090.0,408,604266.0,1481.0441176470588,0.0,8,8000.0,0.0,8,8000.0
4095.0,408,606306.0,1486.0441176470588,0.0,8,8000.0,0.0,8,8000.0
4100.0,408,608346.0,1491.0441176470588,0.0,8,8000.0,0.0,8,8000.0
4105.0,408,610386.0,1496.0441176470588,0.0,8,8000.0,0.0,8,8000.0
4110.0,408,612426.0,1501.0441176470588,0.0,8,8000.0,0.0,8,8000.0
4115.0,408,614466.0,1506.0441176470588,0.0,8,8000.0,0.0,8,8000.0
4120.0,408,616506.0,1511.0441176470588,0.0,8,8000.0,0.0,8,8000.0
4125.0,408,618546.0,1516.0441176470588,0.0,8,8000.0,0.0,8,8000.0
4130.0,408,620586.0,1521.0441176470588,0.0,8,8000.0,0.0,8,8000.0
4135.0,408,622626.0,1526.0441176470588,0.0,8,8000.0,0.0,8,8000.0
4140.0,408,624666.0,1531.0441176470588,0.0,8,8000.0,0.0,8,8000.0
4145.0,408,626706.0,1536.0441176470588,0.0,8,8000.0,0.0,8,8000.0
4150.0,408,628746.0,1541.0441176470588,0.0,8,8000.0,0.0,8,8000.0
4155.0,408,630786.0,1546.0441176470588,0.0,8,8000.0,0.0,8,8000.0
4160.0,408,632826.0,1551.0441176470588,0.0,8,8000.0,0.0,8,8000.0
4165.0,408,634866.0,1556.0441176470588,0.0,8,8000.0,0.0,8,8000.0
4170.0,408,636906.0,1561.0441176470588,0.0,8,8000.0,0.0,8,8000.0
4175.0,408,638946.0,1566.0441176470588,0.0,8,8000.0,0.0,8,8000.0
4180.0,408,640986.0,1571.0441176470588,0.0,8,8000.0,0.0,8,8000.0
4185.0,408,643026.0,1576.0441176470588,0.0,8,8000.0,0.0,8,8000.0
4190.0,408,645066.0,1581.0441176470588,0.0,8,8000.0,0.0,8,8000.0
4195.0,408,647106.0,1586.0441176470588,0.0,8,8000.0,0.0,8,8000.0
4200.0,408,649146.0,1591.0441176470588,0.0,8,8000.0,0.0,8,8000.0
4205.0,408,651186.0,1596.0441176470588,0.0,8,8000.0,0.0,8,8000.0
4210.0,408,653226.0,1601.0441176470588,0.0,8,8000.0,0.0,8,8000.0
4215.0,408,655266.0,1606.0441176470588,0.0,8,8000.0,0.0,8,8000.0
4220.0,408,657306.0,1611.0441176470588,0.0,8,8000.0,0.0,8,8000.0
4225.0,408,659346.0,1616.0441176470588,0.0,8,8000.0,0.0,8,8000.0
4230.0,408,661386.0,1621.0441176470588,0.0,8,8000.0,0.0,8,8000.0
4235.0,408,663426.0,1626.0441176470588,0.0,8,8000.0,0.0,8,8000.0
4240.0,408,665466.0,1631.0441176470588,0.0,8,8000.0,0.0,8,8000.0
4245.0,408,667506.0,1636.0441176470588,0.0,8,8000.0,0.0,8,8000.0
4250.0,408,669546.0,1641.0441176470588,0.0,8,8000.0,0.0,8,8000.0
4255.0,408,671586.0,1646.0441176470588,0.0,8,8000.0,0.0,8,8000.0
4260.0,408,673626.0,1651.0441176470588,0.0,8,8000.0,0.0,8,8000.0
4265.0,408,675666.0,1656.0441176470588,0.0,8,8000.0,0.0,8,8000.0
4270.0,408,677706.0,1661.0441176470588,0.0,8,8000.0,0.0,8,8000.0
4275.0,408,679746.0,1666.0441176470588,0.0,8,8000.0,0.0,8,8000.0
4280.0,408,681786.0,1671.0441176470588,0.0,8,8000.0,0.0,8,8000.0
4285.0,408,683826.0,1676.0441176470588,0.0,8,8000.0,0.0,8,8000.0
4290.0,408,685866.0,1681.0441176470588,0.0,8,8000.0,0.0,8,8000.0
4295.0,408,687906.0,1686.0441176470588,0.0,8,8000.0,0.0,8,8000.0
4300.0,408,689946.0,1691.0441176470588,0.0,8,8000.0,0.0,8,8000.0
4305.0,408,691986.0,1696.0441176470588,0.0,8,8000.0,0.0,8,8000.0
4310.0,408,694026.0,1701.0441176470588,0.0,8,8000.0,0.0,8,8000.0
4315.0,408,696066.0,1706.0441176470588,0.0,8,8000.0,0.0,8,8000.0
4320.0,408,698106.0,1711.0441176470588,0.0,8,8000.0,0.0,8,8000.0
4325.0,408,700146.0,1716.0441176470588,0.0,8,8000.0,0.0,8,8000.0
4330.0,408,702186.0,1721.0441176470588,0.0,8,8000.0,0.0,8,8000.0
4335.0,408,704226.0,1726.0441176470588,0.0,8,8000.0,0.0,8,8000.0
4340.0,408,706266.0,1731.0441176470588,0.0,8,8000.0,0.0,8,8000.0
4345.0,408,708306.0,1736.0441176470588,0.0,8,8000.0,0.0,8,8000.0
4350.0,408,710346.0,1741.0441176470588,0.0,8,8000.0,0.0,8,8000.0
4355.0,408,712386.0,1746.0441176470588,0.0,8,8000.0,0.0,8,8000.0
4360.0,408,714426.0,1751.0441176470588,0.0,8,8000.0,0.0,8,8000.0
4365.0,408,716466.0,1756.0441176470588,0.0,8,8000.0,0.0,8,8000.0
4370.0,408,718506.0,1761.0441176470588,0.0,8,8000.0,0.0,8,8000.0
4375.0,408,720546.0,1766.0441176470588,0.0,8,8000.0,0.0,8,8000.0
4380.0,408,722586.0,1771.0441176470588,0.0,8,8000.0,0.0,8,8000.0
4385.0,408,724626.0,1776.0441176470588,0.0,8,8000.0,0.0,8,8000.0
4390.0,408,726666.0,1781.0441176470588,0.0,8,8000.0,0.0,8,8000.0
4395.0,408,728706.0,1786.0441176470588,0.0,8,8000.0,0.0,8,8000.0
4400.0,408,730746.0,1791.0441176470588,0.0,8,8000.0,0.0,8,8000.0
4405.0,408,732786.0,1796.0441176470588,0.0,8,8000.0,0.0,8,8000.0
4410.0,408,734826.0,1801.0441176470588,0.0,8,8000.0,0.0,8,8000.0
4415.0,408,736866.0,1806.0441176470588,0.0,8,8000.0,0.0,8,8000.0
4420.0,408,738906.0,1811.0441176470588,0.0,8,8000.0,0.0,8,8000.0
4425.0,408,740946.0,1816.0441176470588,0.0,8,8000.0,0.0,8,8000.0
4430.0,408,742986.0,1821.0441176470588,0.0,8,8000.0,0.0,8,8000.0
4435.0,408,745026.0,1826.0441176470588,0.0,8,8000.0,0.0,8,8000.0
4440.0,408,747066.0,1831.0441176470588,0.0,8,8000.0,0.0,8,8000.0
4445.0,408,749106.0,1836.0441176470588,0.0,8,8000.0,0.0,8,8000.0
4450.0,408,751146.0,1841.0441176470588,0.0,8,8000.0,0.0,8,8000.0
4455.0,408,753186.0,1846.0441176470588,0.0,8,8000.0,0.0,8,8000.0
4460.0,408,755226.0,1851.0441176470588,0.0,8,8000.0,0.0,8,8000.0
4465.0,408,757266.0,1856.0441176470588,0.0,8,8000.0,0.0,8,8000.0
4470.0,408,759306.0,1861.0441176470588,0.0,8,8000.0,0.0,8,8000.0
4475.0,408,761346.0,1866.0441176470588,0.0,8,8000.0,0.0,8,8000.0
4480.0,408,763386.0,1871.0441176470588,0.0,8,8000.0,0.0,8,8000.0
4485.0,408,765426.0,1876.0441176470588,0.0,8,8000.0,0.0,8,8000.0
4490.0,408,767466.0,1881.0441176470588,0.0,8,8000.0,0.0,8,8000.0
4495.0,408,769506.0,1886.0441176470588,0.0,8,8000.0,0.0,8,8000.0
4500.0,408,771546.0,1891.0441176470588,0.0,8,8000.0,0.0,8,8000.0
4505.0,408,773586.0,1896.0441176470588,0.0,8,8000.0,0.0,8,8000.0
4510.0,408,775626.0,1901.0441176470588,0.0,8,8000.0,0.0,8,8000.0
4515.0,408,777666.0,1906.0441176470588,0.0,8,8000.0,0.0,8,8000.0
4520.0,408,779706.0,1911.0441176470588,0.0,8,8000.0,0.0,8,8000.0
4525.0,408,781746.0,1916.0441176470588,0.0,8,8000.0,0.0,8,8000.0
4530.0,408,783786.0,1921.0441176470588,0.0,8,8000.0,0.0,8,8000.0
4535.0,408,785826.0,1926.0441176470588,0.0,8,8000.0,0.0,8,8000.0
4540.0,408,787866.0,1931.0441176470588,0.0,8,8000.0,0.0,8,8000.0
4545.0,408,789906.0,1936.0441176470588,0.0,8,8000.0,0.0,8,8000.0
4550.0,408,791946.0,1941.0441176470588,0.0,8,8000.0,0.0,8,8000.0
4555.0,408,793986.0,1946.0441176470588,0.0,8,8000.0,0.0,8,8000.0
4560.0,408,796026.0,1951.0441176470588,0.0,8,8000.0,0.0,8,8000.0
4565.0,408,798066.0,1956.0441176470588,0.0,8,8000.0,0.0,8,8000.0
4570.0,408,800106.0,1961.0441176470588,0.0,8,8000.0,0.0,8,8000.0
4575.0,408,802146.0,1966.0441176470588,0.0,8,8000.0,0.0,8,8000.0
4580.0,408,804186.0,1971.0441176470588,0.0,8,8000.0,0.0,8,8000.0
4585.0,408,806226.0,1976.0441176470588,0.0,8,8000.0,0.0,8,8000.0
4590.0,408,808266.0,1981.0441176470588,0.0,8,8000.0,0.0,8,8000.0
4595.0,408,810306.0,1986.0441176470588,0.0,8,8000.0,0.0,8,8000.0
4600.0,408,812346.0,1991.0441176470588,0.0,8,8000.0,0.0,8,8000.0
4605.0,408,814386.0,1996.0441176470588,0.0,8,8000.0,0.0,8,8000.0
4610.0,408,816426.0,2001.0441176470588,0.0,8,8000.0,0.0,8,8000.0
4615.0,408,818466.0,2006.0441176470588,0.0,8,8000.0,0.0,8,8000.0
4620.0,408,820506.0,2011.0441176470588,0.0,8,8000.0,0.0,8,8000.0
4625.0,408,822546.0,2016.0441176470588,0.0,8,8000.0,0.0,8,8000.0
4630.0,408,824586.0,2021.0441176470588,0.0,8,8000.0,0.0,8,8000.0
4635.0,408,826626.0,2026.0441176470588,0.0,8,8000.0,0.0,8,8000.0
4640.0,408,828666.0,2031.0441176470588,0.0,8,8000.0,0.0,8,8000.0
4645.0,408,830706.0,2036.0441176470588,0.0,8,8000.0,0.0,8,8000.0
4650.0,408,832746.0,2041.0441176470588,0.0,8,8000.0,0.0,8,8000.0
4655.0,408,834786.0,2046.0441176470588,0.0,8,8000.0,0.0,8,8000.0
4660.0,408,836826.0,2051.044117647059,0.0,8,8000.0,0.0,8,8000.0
4665.0,408,838866.0,2056.044117647059,0.0,8,8000.0,0.0,8,8000.0
4670.0,408,840906.0,2061.044117647059,0.0,8,8000.0,0.0,8,8000.0
4675.0,408,842946.0,2066.044117647059,0.0,8,8000.0,0.0,8,8000.0
4680.0,408,844986.0,2071.044117647059,0.0,8,8000.0,0.0,8,8000.0
4685.0,408,847026.0,2076.044117647059,0.0,8,8000.0,0.0,8,8000.0
4690.0,408,849066.0,2081.044117647059,0.0,8,8000.0,0.0,8,8000.0
4695.0,408,851106.0,2086.044117647059,0.0,8,8000.0,0.0,8,8000.0
4700.0,408,853146.0,2091.044117647059,0.0,8,8000.0,0.0,8,8000.0
4705.0,408,855186.0,2096.044117647059,0.0,8,8000.0,0.0,8,8000.0
4710.0,408,857226.0,2101.044117647059,0.0,8,8000.0,0.0,8,8000.0
4715.0,408,859266.0,2106.044117647059,0.0,8,8000.0,0.0,8,8000.0
4720.0,408,861306.0,2111.044117647059,0.0,8,8000.0,0.0,8,8000.0
4725.0,408,863346.0,2116.044117647059,0.0,8,8000.0,0.0,8,8000.0
4730.0,408,865386.0,2121.044117647059,0.0,8,8000.0,0.0,8,8000.0
4735.0,408,867426.0,2126.044117647059,0.0,8,8000.0,0.0,8,8000.0
4740.0,408,869466.0,2131.044117647059,0.0,8,8000.0,0.0,8,8000.0
4745.0,408,871506.0,2136.044117647059,0.0,8,8000.0,0.0,8,8000.0
4750.0,408,873546.0,2141.044117647059,0.0,8,8000.0,0.0,8,8000.0
4755.0,408,875586.0,2146.044117647059,0.0,8,8000.0,0.0,8,8000.0
4760.0,408,877626.0,2151.044117647059,0.0,8,8000.0,0.0,8,8000.0
4765.0,408,879666.0,2156.044117647059,0.0,8,8000.0,0.0,8,8000.0
4770.0,408,881706.0,2161.044117647059,0.0,8,8000.0,0.0,8,8000.0
4775.0,408,883746.0,2166.044117647059,0.0,8,8000.0,0.0,8,8000.0
4780.0,408,885786.0,2171.044117647059,0.0,8,8000.0,0.0,8,8000.0
4785.0,408,887826.0,2176.044117647059,0.0,8,8000.0,0.0,8,8000.0
4790.0,408,889866.0,2181.044117647059,0.0,8,8000.0,0.0,8,8000.0
4795.0,408,891906.0,2186.044117647059,0.0,8,8000.0,0.0,8,8000.0
4800.0,408,893946.0,2191.044117647059,0.0,8,8000.0,0.0,8,8000.0
4805.0,408,895986.0,2196.044117647059,0.0,8,8000.0,0.0,8,8000.0
4810.0,408,898026.0,2201.044117647059,0.0,8,8000.0,0.0,8,8000.0
4815.0,408,900066.0,2206.044117647059,0.0,8,8000.0,0.0,8,8000.0
4820.0,408,902106.0,2211.044117647059,0.0,8,8000.0,0.0,8,8000.0
4825.0,408,904146.0,2216.044117647059,0.0,8,8000.0,0.0,8,8000.0
4830.0,408,906186.0,2221.044117647059,0.0,8,8000.0,0.0,8,8000.0
4835.0,408,908226.0,2226.044117647059,0.0,8,8000.0,0.0,8,8000.0
4840.0,408,910266.0,2231.044117647059,0.0,8,8000.0,0.0,8,8000.0
4845.0,408,912306.0,2236.044117647059,0.0,8,8000.0,0.0,8,8000.0
4850.0,408,914346.0,2241.044117647059,0.0,8,8000.0,0.0,8,8000.0
4855.0,408,916386.0,2246.044117647059,0.0,8,8000.0,0.0,8,8000.0
4860.0,408,918426.0,2251.044117647059,0.0,8,8000.0,0.0,8,8000.0
4865.0,408,920466.0,2256.044117647059,0.0,8,8000.0,0.0,8,8000.0
4870.0,408,922506.0,2261.044117647059,0.0,8,8000.0,0.0,8,8000.0
4875.0,408,924546.0,2266.044117647059,0.0,8,8000.0,0.0,8,8000.0
4880.0,408,926586.0,2271.044117647059,0.0,8,8000.0,0.0,8,8000.0
4885.0,408,928626.0,2276.044117647059,0.0,8,8000.0,0.0,8,8000.0
4890.0,408,930666.0,2281.044117647059,0.0,8,8000.0,0.0,8,8000.0
4895.0,408,932706.0,2286.044117647059,0.0,8,8000.0,0.0,8,8000.0
4900.0,408,934746.0,2291.044117647059,0.0,8,8000.0,0.0,8,8000.0
4905.0,408,936786.0,2296.044117647059,0.0,8,8000.0,0.0,8,8000.0
4910.0,408,938826.0,2301.044117647059,0.0,8,8000.0,0.0,8,8000.0
4915.0,408,940866.0,2306.044117647059,0.0,8,8000.0,0.0,8,8000.0
4920.0,408,942906.0,2311.044117647059,0.0,8,8000.0,0.0,8,8000.0
4925.0,408,944946.0,2316.044117647059,0.0,8,8000.0,0.0,8,8000.0
4930.0,408,946986.0,2321.044117647059,0.0,8,8000.0,0.0,8,8000.0
4935.0,408,949026.0,2326.044117647059,0.0,8,8000.0,0.0,8,8000.0
4940.0,408,951066.0,2331.044117647059,0.0,8,8000.0,0.0,8,8000.0
4945.0,408,953106.0,2336.044117647059,0.0,8,8000.0,0.0,8,8000.0
4950.0,408,955146.0,2341.044117647059,0.0,8,8000.0,0.0,8,8000.0
4955.0,408,957186.0,2346.044117647059,0.0,8,8000.0,0.0,8,8000.0
4960.0,408,959226.0,2351.044117647059,0.0,8,8000.0,0.0,8,8000.0
4965.0,408,961266.0,2356.044117647059,0.0,8,8000.0,0.0,8,8000.0
4970.0,408,963306.0,2361.044117647059,0.0,8,8000.0,0.0,8,8000.0
4975.0,408,965346.0,2366.044117647059,0.0,8,8000.0,0.0,8,8000.0
4980.0,408,967386.0,2371.044117647059,0.0,8,8000.0,0.0,8,8000.0
4985.0,408,969426.0,2376.044117647059,0.0,8,8000.0,0.0,8,8000.0
4990.0,408,971466.0,2381.044117647059,0.0,8,8000.0,0.0,8,8000.0
4995.0,408,973506.0,2386.044117647059,0.0,8,8000.0,0.0,8,8000.0
5000.0,408,975546.0,2391.044117647059,0.0,8,8000.0,0.0,8,8000.0
5005.0,408,977586.0,2396.044117647059,0.0,8,8000.0,0.0,8,8000.0
5010.0,408,979626.0,2401.044117647059,0.0,8,8000.0,0.0,8,8000.0
5015.0,408,981666.0,2406.044117647059,0.0,8,8000.0,0.0,8,8000.0
5020.0,408,983706.0,2411.044117647059,0.0,8,8000.0,0.0,8,8000.0
5025.0,408,985746.0,2416.044117647059,0.0,8,8000.0,0.0,8,8000.0
5030.0,408,987786.0,2421.044117647059,0.0,8,8000.0,0.0,8,8000.0
5035.0,408,989826.0,2426.044117647059,0.0,8,8000.0,0.0,8,8000.0
5040.0,408,991866.0,2431.044117647059,0.0,8,8000.0,0.0,8,8000.0
5045.0,408,993906.0,2436.044117647059,0.0,8,8000.0,0.0,8,8000.0
5050.0,408,995946.0,2441.044117647059,0.0,8,8000.0,0.0,8,8000.0
5055.0,408,997986.0,2446.044117647059,0.0,8,8000.0,0.0,8,8000.0
5060.0,408,1000026.0,2451.044117647059,0.0,8,8000.0,0.0,8,8000.0
5065.0,408,1002066.0,2456.044117647059,0.0,8,8000.0,0.0,8,8000.0
5070.0,408,1004106.0,2461.044117647059,0.0,8,8000.0,0.0,8,8000.0
5075.0,408,1006146.0,2466.044117647059,0.0,8,8000.0,0.0,8,8000.0
5080.0,408,1008186.0,2471.044117647059,0.0,8,8000.0,0.0,8,8000.0
5085.0,408,1010226.0,2476.044117647059,0.0,8,8000.0,0.0,8,8000.0
5090.0,408,1012266.0,2481.044117647059,0.0,8,8000.0,0.0,8,8000.0
5095.0,408,1014306.0,2486.044117647059,0.0,8,8000.0,0.0,8,8000.0
5100.0,408,1016346.0,2491.044117647059,0.0,8,8000.0,0.0,8,8000.0
5105.0,408,1018386.0,2496.044117647059,0.0,8,8000.0,0.0,8,8000.0
5110.0,408,1020426.0,2501.044117647059,0.0,8,8000.0,0.0,8,8000.0
5115.0,408,1022466.0,2506.044117647059,0.0,8,8000.0,0.0,8,8000.0
5120.0,408,1024506.0,2511.044117647059,0.0,8,8000.0,0.0,8,8000.0
5125.0,408,1026546.0,2516.044117647059,0.0,8,8000.0,0.0,8,8000.0
5130.0,408,1028586.0,2521.044117647059,0.0,8,8000.0,0.0,8,8000.0
5135.0,408,1030626.0,2526.044117647059,0.0,8,8000.0,0.0,8,8000.0
5140.0,408,1032666.0,2531.044117647059,0.0,8,8000.0,0.0,8,8000.0
5145.0,408,1034706.0,2536.044117647059,0.0,8,8000.0,0.0,8,8000.0
5150.0,408,1036746.0,2541.044117647059,0.0,8,8000.0,0.0,8,8000.0
5155.0,408,1038786.0,2546.044117647059,0.0,8,8000.0,0.0,8,8000.0
5160.0,408,1040826.0,2551.044117647059,0.0,8,8000.0,0.0,8,8000.0
5165.0,408,1042866.0,2556.044117647059,0.0,8,8000.0,0.0,8,8000.0
5170.0,408,1044906.0,2561.044117647059,0.0,8,8000.0,0.0,8,8000.0
5175.0,408,1046946.0,2566.044117647059,0.0,8,8000.0,0.0,8,8000.0
5180.0,408,1048986.0,2571.044117647059,0.0,8,8000.0,0.0,8,8000.0
5185.0,408,1051026.0,2576.044117647059,0.0,8,8000.0,0.0,8,8000.0
5190.0,408,1053066.0,2581.044117647059,0.0,8,8000.0,0.0,8,8000.0
5195.0,408,1055106.0,2586.044117647059,0.0,8,8000.0,0.0,8,8000.0
5200.0,408,1057146.0,2591.044117647059,0.0,8,8000.0,0.0,8,8000.0
5205.0,408,1059186.0,2596.044117647059,0.0,8,8000.0,0.0,8,8000.0
5210.0,408,1061226.0,2601.044117647059,0.0,8,8000.0,0.0,8,8000.0
5215.0,408,1063266.0,2606.044117647059,0.0,8,8000.0,0.0,8,8000.0
5220.0,408,1065306.0,2611.044117647059,0.0,8,8000.0,0.0,8,8000.0
5225.0,408,1067346.0,2616.044117647059,0.0,8,8000.0,0.0,8,8000.0
5230.0,408,1069386.0,2621.044117647059,0.0,8,8000.0,0.0,8,8000.0
5235.0,408,1071426.0,2626.044117647059,0.0,8,8000.0,0.0,8,8000.0
5240.0,408,1073466.0,2631.044117647059,0.0,8,8000.0,0.0,8,8000.0
5245.0,408,1075506.0,2636.044117647059,0.0,8,8000.0,0.0,8,8000.0
5250.0,408,1077546.0,2641.044117647059,0.0,8,8000.0,0.0,8,8000.0
5255.0,408,1079586.0,2646.044117647059,0.0,8,8000.0,0.0,8,8000.0
5260.0,408,1081626.0,2651.044117647059,0.0,8,8000.0,0.0,8,8000.0
5265.0,408,1083666.0,2656.044117647059,0.0,8,8000.0,0.0,8,8000.0
5270.0,408,1085706.0,2661.044117647059,0.0,8,8000.0,0.0,8,8000.0
5275.0,408,1087746.0,2666.044117647059,0.0,8,8000.0,0.0,8,8000.0
5280.0,408,1089786.0,2671.044117647059,0.0,8,8000.0,0.0,8,8000.0
5285.0,408,1091826.0,2676.044117647059,0.0,8,8000.0,0.0,8,8000.0
5290.0,408,1093866.0,2681.044117647059,0.0,8,8000.0,0.0,8,8000.0
5295.0,408,1095906.0,2686.044117647059,0.0,8,8000.0,0.0,8,8000.0
5300.0,408,1097946.0,2691.044117647059,0.0,8,8000.0,0.0,8,8000.0
5305.0,408,1099986.0,2696.044117647059,0.0,8,8000.0,0.0,8,8000.0
5310.0,408,1102026.0,2701.044117647059,0.0,8,8000.0,0.0,8,8000.0
5315.0,408,1104066.0,2706.044117647059,0.0,8,8000.0,0.0,8,8000.0
5320.0,408,1106106.0,2711.044117647059,0.0,8,8000.0,0.0,8,8000.0
5325.0,408,1108146.0,2716.044117647059,0.0,8,8000.0,0.0,8,8000.0
5330.0,408,1110186.0,2721.044117647059,0.0,8,8000.0,0.0,8,8000.0
5335.0,408,1112226.0,2726.044117647059,0.0,8,8000.0,0.0,8,8000.0
5340.0,408,1114266.0,2731.044117647059,0.0,8,8000.0,0.0,8,8000.0
5345.0,408,1116306.0,2736.044117647059,0.0,8,8000.0,0.0,8,8000.0
5350.0,408,1118346.0,2741.044117647059,0.0,8,8000.0,0.0,8,8000.0
5355.0,408,1120386.0,2746.044117647059,0.0,8,8000.0,0.0,8,8000.0
5360.0,408,1122426.0,2751.044117647059,0.0,8,8000.0,0.0,8,8000.0
5365.0,408,1124466.0,2756.044117647059,0.0,8,8000.0,0.0,8,8000.0
5370.0,408,1126506.0,2761.044117647059,0.0,8,8000.0,0.0,8,8000.0
5375.0,408,1128546.0,2766.044117647059,0.0,8,8000.0,0.0,8,8000.0
5380.0,408,1130586.0,2771.044117647059,0.0,8,8000.0,0.0,8,8000.0
5385.0,408,1132626.0,2776.044117647059,0.0,8,8000.0,0.0,8,8000.0
5390.0,408,1134666.0,2781.044117647059,0.0,8,8000.0,0.0,8,8000.0
5395.0,408,1136706.0,2786.044117647059,0.0,8,8000.0,0.0,8,8000.0
5400.0,408,1138746.0,2791.044117647059,0.0,8,8000.0,0.0,8,8000.0
5405.0,408,1140786.0,2796.044117647059,0.0,8,8000.0,0.0,8,8000.0
5410.0,408,1142826.0,2801.044117647059,0.0,8,8000.0,0.0,8,8000.0
5415.0,408,1144866.0,2806.044117647059,0.0,8,8000.0,0.0,8,8000.0
5420.0,408,1146906.0,2811.044117647059,0.0,8,8000.0,0.0,8,8000.0
5425.0,408,1148946.0,2816.044117647059,0.0,8,8000.0,0.0,8,8000.0
5430.0,408,1150986.0,2821.044117647059,0.0,8,8000.0,0.0,8,8000.0
5435.0,408,1153026.0,2826.044117647059,0.0,8,8000.0,0.0,8,8000.0
5440.0,408,1155066.0,2831.044117647059,0.0,8,8000.0,0.0,8,8000.0
5445.0,408,1157106.0,2836.044117647059,0.0,8,8000.0,0.0,8,8000.0
5450.0,408,1159146.0,2841.044117647059,0.0,8,8000.0,0.0,8,8000.0
5455.0,408,1161186.0,2846.044117647059,0.0,8,8000.0,0.0,8,8000.0
5460.0,408,1163226.0,2851.044117647059,0.0,8,8000.0,0.0,8,8000.0
5465.0,408,1165266.0,2856.044117647059,0.0,8,8000.0,0.0,8,8000.0
5470.0,408,1167306.0,2861.044117647059,0.0,8,8000.0,0.0,8,8000.0
5475.0,408,1169346.0,2866.044117647059,0.0,8,8000.0,0.0,8,8000.0
5480.0,408,1171386.0,2871.044117647059,0.0,8,8000.0,0.0,8,8000.0
5485.0,408,1173426.0,2876.044117647059,0.0,8,8000.0,0.0,8,8000.0
5490.0,408,1175466.0,2881.044117647059,0.0,8,8000.0,0.0,8,8000.0
5495.0,408,1177506.0,2886.044117647059,0.0,8,8000.0,0.0,8,8000.0
5500.0,408,1179546.0,2891.044117647059,0.0,8,8000.0,0.0,8,8000.0
5505.0,408,1181586.0,2896.044117647059,0.0,8,8000.0,0.0,8,8000.0
5510.0,408,1183626.0,2901.044117647059,0.0,8,8000.0,0.0,8,8000.0
5515.0,408,1185666.0,2906.044117647059,0.0,8,8000.0,0.0,8,8000.0
5520.0,408,1187706.0,2911.044117647059,0.0,8,8000.0,0.0,8,8000.0
5525.0,408,1189746.0,2916.044117647059,0.0,8,8000.0,0.0,8,8000.0
5530.0,408,1191786.0,2921.044117647059,0.0,8,8000.0,0.0,8,8000.0
5535.0,408,1193826.0,2926.044117647059,0.0,8,8000.0,0.0,8,8000.0
5540.0,408,1195866.0,2931.044117647059,0.0,8,8000.0,0.0,8,8000.0
5545.0,408,1197906.0,2936.044117647059,0.0,8,8000.0,0.0,8,8000.0
5550.0,408,1199946.0,2941.044117647059,0.0,8,8000.0,0.0,8,8000.0
5555.0,408,1201986.0,2946.044117647059,0.0,8,8000.0,0.0,8,8000.0
5560.0,408,1204026.0,2951.044117647059,0.0,8,8000.0,0.0,8,8000.0
5565.0,408,1206066.0,2956.044117647059,0.0,8,8000.0,0.0,8,8000.0
5570.0,408,1208106.0,2961.044117647059,0.0,8,8000.0,0.0,8,8000.0
5575.0,408,1210146.0,2966.044117647059,0.0,8,8000.0,0.0,8,8000.0
5580.0,408,1212186.0,2971.044117647059,0.0,8,8000.0,0.0,8,8000.0
5585.0,408,1214226.0,2976.044117647059,0.0,8,8000.0,0.0,8,8000.0
5590.0,408,1216266.0,2981.044117647059,0.0,8,8000.0,0.0,8,8000.0
5595.0,408,1218306.0,2986.044117647059,0.0,8,8000.0,0.0,8,8000.0
5600.0,408,1220346.0,2991.044117647059,0.0,8,8000.0,0.0,8,8000.0
5605.0,408,1222386.0,2996.044117647059,0.0,8,8000.0,0.0,8,8000.0
5610.0,408,1224426.0,3001.044117647059,0.0,8,8000.0,0.0,8,8000.0
5615.0,408,1226466.0,3006.044117647059,0.0,8,8000.0,0.0,8,8000.0
5620.0,408,1228506.0,3011.044117647059,0.0,8,8000.0,0.0,8,8000.0
5625.0,408,1230546.0,3016.044117647059,0.0,8,8000.0,0.0,8,8000.0
5630.0,408,1232586.0,3021.044117647059,0.0,8,8000.0,0.0,8,8000.0
5635.0,408,1234626.0,3026.044117647059,0.0,8,8000.0,0.0,8,8000.0
5640.0,408,1236666.0,3031.044117647059,0.0,8,8000.0,0.0,8,8000.0
5645.0,408,1238706.0,3036.044117647059,0.0,8,8000.0,0.0,8,8000.0
5650.0,408,1240746.0,3041.044117647059,0.0,8,8000.0,0.0,8,8000.0
5655.0,408,1242786.0,3046.044117647059,0.0,8,8000.0,0.0,8,8000.0
5660.0,408,1244826.0,3051.044117647059,0.0,8,8000.0,0.0,8,8000.0
5665.0,408,1246866.0,3056.044117647059,0.0,8,8000.0,0.0,8,8000.0
5670.0,408,1248906.0,3061.044117647059,0.0,8,8000.0,0.0,8,8000.0
5675.0,408,1250946.0,3066.044117647059,0.0,8,8000.0,0.0,8,8000.0
5680.0,408,1252986.0,3071.044117647059,0.0,8,8000.0,0.0,8,8000.0
5685.0,408,1255026.0,3076.044117647059,0.0,8,8000.0,0.0,8,8000.0
5690.0,408,1257066.0,3081.044117647059,0.0,8,8000.0,0.0,8,8000.0
5695.0,408,1259106.0,3086.044117647059,0.0,8,8000.0,0.0,8,8000.0
5700.0,408,1261146.0,3091.044117647059,0.0,8,8000.0,0.0,8,8000.0
5705.0,408,1263186.0,3096.044117647059,0.0,8,8000.0,0.0,8,8000.0
5710.0,408,1265226.0,3101.044117647059,0.0,8,8000.0,0.0,8,8000.0
5715.0,408,1267266.0,3106.044117647059,0.0,8,8000.0,0.0,8,8000.0
5720.0,408,1269306.0,3111.044117647059,0.0,8,8000.0,0.0,8,8000.0
5725.0,408,1271346.0,3116.044117647059,0.0,8,8000.0,0.0,8,8000.0
5730.0,408,1273386.0,3121.044117647059,0.0,8,8000.0,0.0,8,8000.0
5735.0,408,1275426.0,3126.044117647059,0.0,8,8000.0,0.0,8,8000.0
5740.0,408,1277466.0,3131.044117647059,0.0,8,8000.0,0.0,8,8000.0
5745.0,408,1279506.0,3136.044117647059,0.0,8,8000.0,0.0,8,8000.0
5750.0,408,1281546.0,3141.044117647059,0.0,8,8000.0,0.0,8,8000.0
5755.0,408,1283586.0,3146.044117647059,0.0,8,8000.0,0.0,8,8000.0
5760.0,408,1285626.0,3151.044117647059,0.0,8,8000.0,0.0,8,8000.0
5765.0,408,1287666.0,3156.044117647059,0.0,8,8000.0,0.0,8,8000.0
5770.0,408,1289706.0,3161.044117647059,0.0,8,8000.0,0.0,8,8000.0
5775.0,408,1291746.0,3166.044117647059,0.0,8,8000.0,0.0,8,8000.0
5780.0,408,1293786.0,3171.044117647059,0.0,8,8000.0,0.0,8,8000.0
5785.0,408,1295826.0,3176.044117647059,0.0,8,8000.0,0.0,8,8000.0
5790.0,408,1297866.0,3181.044117647059,0.0,8,8000.0,0.0,8,8000.0
5795.0,408,1299906.0,3186.044117647059,0.0,8,8000.0,0.0,8,8000.0
5800.0,408,1301946.0,3191.044117647059,0.0,8,8000.0,0.0,8,8000.0
5805.0,408,1303986.0,3196.044117647059,0.0,8,8000.0,0.0,8,8000.0
5810.0,408,1306026.0,3201.044117647059,0.0,8,8000.0,0.0,8,8000.0
5815.0,408,1308066.0,3206.044117647059,0.0,8,8000.0,0.0,8,8000.0
5820.0,408,1310106.0,3211.044117647059,0.0,8,8000.0,0.0,8,8000.0
5825.0,408,1312146.0,3216.044117647059,0.0,8,8000.0,0.0,8,8000.0
5830.0,408,1314186.0,3221.044117647059,0.0,8,8000.0,0.0,8,8000.0
5835.0,408,1316226.0,3226.044117647059,0.0,8,8000.0,0.0,8,8000.0
5840.0,408,1318266.0,3231.044117647059,0.0,8,8000.0,0.0,8,8000.0
5845.0,408,1320306.0,3236.044117647059,0.0,8,8000.0,0.0,8,8000.0
5850.0,408,1322346.0,3241.044117647059,0.0,8,8000.0,0.0,8,8000.0
5855.0,408,1324386.0,3246.044117647059,0.0,8,8000.0,0.0,8,8000.0
5860.0,408,1326426.0,3251.044117647059,0.0,8,8000.0,0.0,8,8000.0
5865.0,408,1328466.0,3256.044117647059,0.0,8,8000.0,0.0,8,8000.0
5870.0,408,1330506.0,3261.044117647059,0.0,8,8000.0,0.0,8,8000.0
5875.0,408,1332546.0,3266.044117647059,0.0,8,8000.0,0.0,8,8000.0
5880.0,408,1334586.0,3271.044117647059,0.0,8,8000.0,0.0,8,8000.0
5885.0,408,1336626.0,3276.044117647059,0.0,8,8000.0,0.0,8,8000.0
5890.0,408,1338666.0,3281.044117647059,0.0,8,8000.0,0.0,8,8000.0
5895.0,408,1340706.0,3286.044117647059,0.0,8,8000.0,0.0,8,8000.0
5900.0,408,1342746.0,3291.044117647059,0.0,8,8000.0,0.0,8,8000.0
5905.0,408,1344786.0,3296.044117647059,0.0,8,8000.0,0.0,8,8000.0
5910.0,408,1346826.0,3301.044117647059,0.0,8,8000.0,0.0,8,8000.0
5915.0,408,1348866.0,3306.044117647059,0.0,8,8000.0,0.0,8,8000.0
5920.0,408,1350906.0,3311.044117647059,0.0,8,8000.0,0.0,8,8000.0
5925.0,408,1352946.0,3316.044117647059,0.0,8,8000.0,0.0,8,8000.0
5930.0,408,1354986.0,3321.044117647059,0.0,8,8000.0,0.0,8,8000.0
5935.0,408,1357026.0,3326.044117647059,0.0,8,8000.0,0.0,8,8000.0
5940.0,408,1359066.0,3331.044117647059,0.0,8,8000.0,0.0,8,8000.0
5945.0,408,1361106.0,3336.044117647059,0.0,8,8000.0,0.0,8,8000.0
5950.0,408,1363146.0,3341.044117647059,0.0,8,8000.0,0.0,8,8000.0
5955.0,408,1365186.0,3346.044117647059,0.0,8,8000.0,0.0,8,8000.0
5960.0,408,1367226.0,3351.044117647059,0.0,8,8000.0,0.0,8,8000.0
5965.0,408,1369266.0,3356.044117647059,0.0,8,8000.0,0.0,8,8000.0
5970.0,408,1371306.0,3361.044117647059,0.0,8,8000.0,0.0,8,8000.0
5975.0,408,1373346.0,3366.044117647059,0.0,8,8000.0,0.0,8,8000.0
5980.0,408,1375386.0,3371.044117647059,0.0,8,8000.0,0.0,8,8000.0
5985.0,408,1377426.0,3376.044117647059,0.0,8,8000.0,0.0,8,8000.0
5990.0,408,1379466.0,3381.044117647059,0.0,8,8000.0,0.0,8,8000.0
5995.0,408,1381506.0,3386.044117647059,0.0,8,8000.0,0.0,8,8000.0
6000.0,408,1383546.0,3391.044117647059,0.0,8,8000.0,0.0,8,8000.0
